지점,지점명,일시,기온(°C),강수량(mm),습도(%),적설(cm)
119,수원,2025-06-01 01:00,15.9,,79,
119,수원,2025-06-01 02:00,15.3,,85,
119,수원,2025-06-01 03:00,14.8,,90,
119,수원,2025-06-01 04:00,14.5,,91,
119,수원,2025-06-01 05:00,14.5,,91,
119,수원,2025-06-01 06:00,14.4,,92,
119,수원,2025-06-01 07:00,16.8,,83,
119,수원,2025-06-01 08:00,18.9,,73,
119,수원,2025-06-01 09:00,21.2,,63,
119,수원,2025-06-01 10:00,22.5,,56,
119,수원,2025-06-01 11:00,24.3,,53,
119,수원,2025-06-01 12:00,25.6,,44,
119,수원,2025-06-01 13:00,26.5,,43,
119,수원,2025-06-01 14:00,27.3,,43,
119,수원,2025-06-01 15:00,27.2,,45,
119,수원,2025-06-01 16:00,27,,38,
119,수원,2025-06-01 17:00,25.3,,44,
119,수원,2025-06-01 18:00,23.2,,51,
119,수원,2025-06-01 19:00,21.9,,56,
119,수원,2025-06-01 20:00,20.7,,61,
119,수원,2025-06-01 21:00,19,,68,
119,수원,2025-06-01 22:00,18.2,,70,
119,수원,2025-06-01 23:00,17.7,,73,
119,수원,2025-06-02 00:00,17.1,,74,
119,수원,2025-06-02 01:00,17,,79,
119,수원,2025-06-02 02:00,16.8,,73,
119,수원,2025-06-02 03:00,17.2,,75,
119,수원,2025-06-02 04:00,17,,78,
119,수원,2025-06-02 05:00,16.9,,79,
119,수원,2025-06-02 06:00,16.8,,81,
119,수원,2025-06-02 07:00,17.2,,81,
119,수원,2025-06-02 08:00,18.5,,75,
119,수원,2025-06-02 09:00,19.8,,70,
119,수원,2025-06-02 10:00,20.4,,67,
119,수원,2025-06-02 11:00,20.5,0,67,
119,수원,2025-06-02 12:00,22,0,52,
119,수원,2025-06-02 13:00,22.8,0,51,
119,수원,2025-06-02 14:00,23.3,0,50,
119,수원,2025-06-02 15:00,23.2,0,48,
119,수원,2025-06-02 16:00,22.5,,63,
119,수원,2025-06-02 17:00,20.6,,61,
119,수원,2025-06-02 18:00,19.9,,59,
119,수원,2025-06-02 19:00,19.4,,61,
119,수원,2025-06-02 20:00,18.9,,62,
119,수원,2025-06-02 21:00,18.7,,66,
119,수원,2025-06-02 22:00,18.3,,64,
119,수원,2025-06-02 23:00,18,,67,
119,수원,2025-06-03 00:00,17.8,,68,
119,수원,2025-06-03 01:00,17.7,,73,
119,수원,2025-06-03 02:00,17.7,,74,
119,수원,2025-06-03 03:00,17.8,,74,
119,수원,2025-06-03 04:00,16.9,,80,
119,수원,2025-06-03 05:00,16.2,,84,
119,수원,2025-06-03 06:00,15.8,,87,
119,수원,2025-06-03 07:00,17.4,,83,
119,수원,2025-06-03 08:00,19.2,,75,
119,수원,2025-06-03 09:00,21.2,,63,
119,수원,2025-06-03 10:00,22,,57,
119,수원,2025-06-03 11:00,23,,43,
119,수원,2025-06-03 12:00,22.9,,45,
119,수원,2025-06-03 13:00,23.3,,46,
119,수원,2025-06-03 14:00,22.9,,57,
119,수원,2025-06-03 15:00,22.7,,60,
119,수원,2025-06-03 16:00,21.6,,63,
119,수원,2025-06-03 17:00,22.2,,57,
119,수원,2025-06-03 18:00,21.8,,56,
119,수원,2025-06-03 19:00,20.5,,51,
119,수원,2025-06-03 20:00,18.4,,58,
119,수원,2025-06-03 21:00,16.9,,68,
119,수원,2025-06-03 22:00,16,,66,
119,수원,2025-06-03 23:00,15.5,,72,
119,수원,2025-06-04 00:00,14.9,,74,
119,수원,2025-06-04 01:00,14.5,,76,
119,수원,2025-06-04 02:00,13.7,,79,
119,수원,2025-06-04 03:00,14.3,,75,
119,수원,2025-06-04 04:00,14.5,,72,
119,수원,2025-06-04 05:00,13.9,,77,
119,수원,2025-06-04 06:00,13.9,,78,
119,수원,2025-06-04 07:00,16.2,,72,
119,수원,2025-06-04 08:00,19,,59,
119,수원,2025-06-04 09:00,20.7,,52,
119,수원,2025-06-04 10:00,22.6,,46,
119,수원,2025-06-04 11:00,23,,48,
119,수원,2025-06-04 12:00,24,,36,
119,수원,2025-06-04 13:00,23.9,,37,
119,수원,2025-06-04 14:00,24.3,,31,
119,수원,2025-06-04 15:00,23.3,,34,
119,수원,2025-06-04 16:00,22.1,,42,
119,수원,2025-06-04 17:00,21.7,,52,
119,수원,2025-06-04 18:00,21.2,,54,
119,수원,2025-06-04 19:00,19.7,,59,
119,수원,2025-06-04 20:00,17.9,,70,
119,수원,2025-06-04 21:00,17.4,,71,
119,수원,2025-06-04 22:00,16.4,,77,
119,수원,2025-06-04 23:00,16.1,,78,
119,수원,2025-06-05 00:00,15.4,,81,
119,수원,2025-06-05 01:00,14.5,,85,
119,수원,2025-06-05 02:00,14.5,,81,
119,수원,2025-06-05 03:00,13.8,,85,
119,수원,2025-06-05 04:00,13.6,,84,
119,수원,2025-06-05 05:00,12.9,,88,
119,수원,2025-06-05 06:00,13.5,,87,
119,수원,2025-06-05 07:00,16.3,,73,
119,수원,2025-06-05 08:00,18.5,,63,
119,수원,2025-06-05 09:00,20.4,,57,
119,수원,2025-06-05 10:00,22.3,,49,
119,수원,2025-06-05 11:00,23.5,,43,
119,수원,2025-06-05 12:00,24.9,,36,
119,수원,2025-06-05 13:00,25.8,,35,
119,수원,2025-06-05 14:00,26.1,,34,
119,수원,2025-06-05 15:00,26.5,,34,
119,수원,2025-06-05 16:00,26,,33,
119,수원,2025-06-05 17:00,25.9,,32,
119,수원,2025-06-05 18:00,24.9,,34,
119,수원,2025-06-05 19:00,24.2,,37,
119,수원,2025-06-05 20:00,22,,50,
119,수원,2025-06-05 21:00,20.2,,59,
119,수원,2025-06-05 22:00,18.7,,60,
119,수원,2025-06-05 23:00,18.2,,62,
119,수원,2025-06-06 00:00,17.8,,62,
119,수원,2025-06-06 01:00,18.1,,56,
119,수원,2025-06-06 02:00,18,,55,
119,수원,2025-06-06 03:00,17.6,,58,
119,수원,2025-06-06 04:00,16.9,,63,
119,수원,2025-06-06 05:00,17,,65,
119,수원,2025-06-06 06:00,17.3,,64,
119,수원,2025-06-06 07:00,19,,57,
119,수원,2025-06-06 08:00,21.3,,48,
119,수원,2025-06-06 09:00,23.2,,40,
119,수원,2025-06-06 10:00,24.6,,37,
119,수원,2025-06-06 11:00,25.8,,35,
119,수원,2025-06-06 12:00,27.1,,33,
119,수원,2025-06-06 13:00,28.6,,31,
119,수원,2025-06-06 14:00,28.6,,29,
119,수원,2025-06-06 15:00,28,,30,
119,수원,2025-06-06 16:00,28.1,,30,
119,수원,2025-06-06 17:00,27.6,,36,
119,수원,2025-06-06 18:00,26.5,,37,
119,수원,2025-06-06 19:00,25.6,,36,
119,수원,2025-06-06 20:00,23.9,,40,
119,수원,2025-06-06 21:00,22.5,,44,
119,수원,2025-06-06 22:00,22,,46,
119,수원,2025-06-06 23:00,21.8,,47,
119,수원,2025-06-07 00:00,21.5,,47,
119,수원,2025-06-07 01:00,19.6,,56,
119,수원,2025-06-07 02:00,18.4,,62,
119,수원,2025-06-07 03:00,17.5,,66,
119,수원,2025-06-07 04:00,17,,70,
119,수원,2025-06-07 05:00,16.7,,69,
119,수원,2025-06-07 06:00,17.6,,67,
119,수원,2025-06-07 07:00,20.3,,58,
119,수원,2025-06-07 08:00,22.9,,53,
119,수원,2025-06-07 09:00,23.5,,54,
119,수원,2025-06-07 10:00,24.9,,52,
119,수원,2025-06-07 11:00,26.1,,53,
119,수원,2025-06-07 12:00,26.7,,51,
119,수원,2025-06-07 13:00,27.1,,53,
119,수원,2025-06-07 14:00,27.8,,51,
119,수원,2025-06-07 15:00,27.5,,52,
119,수원,2025-06-07 16:00,26.4,,61,
119,수원,2025-06-07 17:00,26.1,,61,
119,수원,2025-06-07 18:00,25.4,,63,
119,수원,2025-06-07 19:00,24.2,,70,
119,수원,2025-06-07 20:00,22.9,,75,
119,수원,2025-06-07 21:00,22.1,,79,
119,수원,2025-06-07 22:00,21.5,,83,
119,수원,2025-06-07 23:00,21.6,,84,
119,수원,2025-06-08 00:00,21.1,,85,
119,수원,2025-06-08 01:00,20.3,.1,92,
119,수원,2025-06-08 02:00,20.2,.2,94,
119,수원,2025-06-08 03:00,20.3,0,93,
119,수원,2025-06-08 04:00,20.4,,92,
119,수원,2025-06-08 05:00,20.3,,93,
119,수원,2025-06-08 06:00,20.2,,93,
119,수원,2025-06-08 07:00,21.1,,90,
119,수원,2025-06-08 08:00,23,,79,
119,수원,2025-06-08 09:00,23.7,,76,
119,수원,2025-06-08 10:00,24.8,,69,
119,수원,2025-06-08 11:00,26.1,,61,
119,수원,2025-06-08 12:00,27.5,,57,
119,수원,2025-06-08 13:00,27.8,,55,
119,수원,2025-06-08 14:00,28.3,,54,
119,수원,2025-06-08 15:00,29,,53,
119,수원,2025-06-08 16:00,28,,57,
119,수원,2025-06-08 17:00,27.7,,60,
119,수원,2025-06-08 18:00,26.3,,64,
119,수원,2025-06-08 19:00,25.3,,67,
119,수원,2025-06-08 20:00,23.5,,74,
119,수원,2025-06-08 21:00,22.4,,79,
119,수원,2025-06-08 22:00,21.6,,83,
119,수원,2025-06-08 23:00,21.6,,85,
119,수원,2025-06-09 00:00,22,,83,
119,수원,2025-06-09 01:00,21.7,0,83,
119,수원,2025-06-09 02:00,20.9,0,83,
119,수원,2025-06-09 03:00,20.8,,81,
119,수원,2025-06-09 04:00,20.6,,81,
119,수원,2025-06-09 05:00,20.5,,81,
119,수원,2025-06-09 06:00,20.4,,82,
119,수원,2025-06-09 07:00,21.1,,78,
119,수원,2025-06-09 08:00,22.2,,75,
119,수원,2025-06-09 09:00,23.3,,70,
119,수원,2025-06-09 10:00,23.6,,66,
119,수원,2025-06-09 11:00,25.1,,60,
119,수원,2025-06-09 12:00,26.8,,54,
119,수원,2025-06-09 13:00,27.4,,49,
119,수원,2025-06-09 14:00,27.8,,48,
119,수원,2025-06-09 15:00,28.4,,48,
119,수원,2025-06-09 16:00,29,,39,
119,수원,2025-06-09 17:00,27.3,,60,
119,수원,2025-06-09 18:00,24.9,,68,
119,수원,2025-06-09 19:00,22.7,,75,
119,수원,2025-06-09 20:00,21.1,,81,
119,수원,2025-06-09 21:00,20.3,,86,
119,수원,2025-06-09 22:00,19.5,,88,
119,수원,2025-06-09 23:00,19,,90,
119,수원,2025-06-10 00:00,18.8,,92,
119,수원,2025-06-10 01:00,18.6,,91,
119,수원,2025-06-10 02:00,18.8,,92,
119,수원,2025-06-10 03:00,19.2,,91,
119,수원,2025-06-10 04:00,19,,92,
119,수원,2025-06-10 05:00,18.6,,93,
119,수원,2025-06-10 06:00,19,,90,
119,수원,2025-06-10 07:00,20.1,,85,
119,수원,2025-06-10 08:00,20.8,,83,
119,수원,2025-06-10 09:00,21.9,,78,
119,수원,2025-06-10 10:00,23,,70,
119,수원,2025-06-10 11:00,22.5,,71,
119,수원,2025-06-10 12:00,21,,77,
119,수원,2025-06-10 13:00,21.3,,78,
119,수원,2025-06-10 14:00,21.5,,75,
119,수원,2025-06-10 15:00,21.9,,75,
119,수원,2025-06-10 16:00,23.8,,65,
119,수원,2025-06-10 17:00,23.7,,63,
119,수원,2025-06-10 18:00,22.4,,68,
119,수원,2025-06-10 19:00,20.6,,71,
119,수원,2025-06-10 20:00,19.5,,75,
119,수원,2025-06-10 21:00,18,,76,
119,수원,2025-06-10 22:00,17.3,,79,
119,수원,2025-06-10 23:00,16.8,,79,
119,수원,2025-06-11 00:00,16.1,,83,
119,수원,2025-06-11 01:00,15.6,,87,
119,수원,2025-06-11 02:00,14.9,,89,
119,수원,2025-06-11 03:00,14.4,,91,
119,수원,2025-06-11 04:00,13.9,,93,
119,수원,2025-06-11 05:00,13.5,,94,
119,수원,2025-06-11 06:00,14.1,,95,
119,수원,2025-06-11 07:00,16.8,,83,
119,수원,2025-06-11 08:00,19.7,,75,
119,수원,2025-06-11 09:00,21.4,,62,
119,수원,2025-06-11 10:00,22.9,,51,
119,수원,2025-06-11 11:00,25.1,,44,
119,수원,2025-06-11 12:00,26.1,,38,
119,수원,2025-06-11 13:00,26.8,,33,
119,수원,2025-06-11 14:00,26.8,,31,
119,수원,2025-06-11 15:00,26.7,,33,
119,수원,2025-06-11 16:00,26.6,,35,
119,수원,2025-06-11 17:00,25.7,,34,
119,수원,2025-06-11 18:00,25.5,,32,
119,수원,2025-06-11 19:00,23.3,,44,
119,수원,2025-06-11 20:00,21.7,,47,
119,수원,2025-06-11 21:00,20.6,,52,
119,수원,2025-06-11 22:00,19.6,,58,
119,수원,2025-06-11 23:00,18.2,,67,
119,수원,2025-06-12 00:00,18,,68,
119,수원,2025-06-12 01:00,17.3,,72,
119,수원,2025-06-12 02:00,16.9,,76,
119,수원,2025-06-12 03:00,16.7,,80,
119,수원,2025-06-12 04:00,15.8,,86,
119,수원,2025-06-12 05:00,15.4,,88,
119,수원,2025-06-12 06:00,15.7,,90,
119,수원,2025-06-12 07:00,19.4,,70,
119,수원,2025-06-12 08:00,21.3,,63,
119,수원,2025-06-12 09:00,23.6,,48,
119,수원,2025-06-12 10:00,25.3,,44,
119,수원,2025-06-12 11:00,27.1,,39,
119,수원,2025-06-12 12:00,28.5,,36,
119,수원,2025-06-12 13:00,29.4,,32,
119,수원,2025-06-12 14:00,30.1,,31,
119,수원,2025-06-12 15:00,30.4,,27,
119,수원,2025-06-12 16:00,30.5,,29,
119,수원,2025-06-12 17:00,29.9,,38,
119,수원,2025-06-12 18:00,28.3,,40,
119,수원,2025-06-12 19:00,27.1,,44,
119,수원,2025-06-12 20:00,25.2,,52,
119,수원,2025-06-12 21:00,23.1,,62,
119,수원,2025-06-12 22:00,22.2,,68,
119,수원,2025-06-12 23:00,21.8,,64,
119,수원,2025-06-13 00:00,20.9,,70,
119,수원,2025-06-13 01:00,19.9,,75,
119,수원,2025-06-13 02:00,19.6,,78,
119,수원,2025-06-13 03:00,19.5,,78,
119,수원,2025-06-13 04:00,18.8,,80,
119,수원,2025-06-13 05:00,18.3,,83,
119,수원,2025-06-13 06:00,18.7,,82,
119,수원,2025-06-13 07:00,20.5,,75,
119,수원,2025-06-13 08:00,22.6,,65,
119,수원,2025-06-13 09:00,23.6,,57,
119,수원,2025-06-13 10:00,24.9,,51,
119,수원,2025-06-13 11:00,25.7,,47,
119,수원,2025-06-13 12:00,26.7,,45,
119,수원,2025-06-13 13:00,27.1,,44,
119,수원,2025-06-13 14:00,27.6,,44,
119,수원,2025-06-13 15:00,26.9,,50,
119,수원,2025-06-13 16:00,24.5,,57,
119,수원,2025-06-13 17:00,22.4,0,69,
119,수원,2025-06-13 18:00,21,.4,81,
119,수원,2025-06-13 19:00,20.3,2,90,
119,수원,2025-06-13 20:00,20.3,1.3,88,
119,수원,2025-06-13 21:00,19.7,.1,88,
119,수원,2025-06-13 22:00,19.9,0,82,
119,수원,2025-06-13 23:00,19.8,.5,87,
119,수원,2025-06-14 00:00,19.8,.2,87,
119,수원,2025-06-14 01:00,19.9,,88,
119,수원,2025-06-14 02:00,19.2,.1,93,
119,수원,2025-06-14 03:00,19.1,0,92,
119,수원,2025-06-14 04:00,19.8,,89,
119,수원,2025-06-14 05:00,19.8,,90,
119,수원,2025-06-14 06:00,20,,89,
119,수원,2025-06-14 07:00,20.3,,87,
119,수원,2025-06-14 08:00,21,,84,
119,수원,2025-06-14 09:00,22.4,,79,
119,수원,2025-06-14 10:00,24.4,,70,
119,수원,2025-06-14 11:00,26.3,,65,
119,수원,2025-06-14 12:00,27,,62,
119,수원,2025-06-14 13:00,27.9,,59,
119,수원,2025-06-14 14:00,28.7,,56,
119,수원,2025-06-14 15:00,29.9,,53,
119,수원,2025-06-14 16:00,29.8,,51,
119,수원,2025-06-14 17:00,28.7,,59,
119,수원,2025-06-14 18:00,27.7,,57,
119,수원,2025-06-14 19:00,25.7,,61,
119,수원,2025-06-14 20:00,22.9,,71,
119,수원,2025-06-14 21:00,22,,75,
119,수원,2025-06-14 22:00,21.6,,77,
119,수원,2025-06-14 23:00,20.2,,84,
119,수원,2025-06-15 00:00,19.9,,84,
119,수원,2025-06-15 01:00,20.5,,83,
119,수원,2025-06-15 02:00,20.1,,85,
119,수원,2025-06-15 03:00,19.5,,87,
119,수원,2025-06-15 04:00,19.5,,88,
119,수원,2025-06-15 05:00,18.9,,90,
119,수원,2025-06-15 06:00,19.4,,90,
119,수원,2025-06-15 07:00,21.4,,82,
119,수원,2025-06-15 08:00,22.9,,75,
119,수원,2025-06-15 09:00,24.7,,69,
119,수원,2025-06-15 10:00,25.8,,63,
119,수원,2025-06-15 11:00,27.4,,55,
119,수원,2025-06-15 12:00,28.6,,54,
119,수원,2025-06-15 13:00,30.2,,47,
119,수원,2025-06-15 14:00,30.9,,46,
119,수원,2025-06-15 15:00,30.4,,50,
119,수원,2025-06-15 16:00,29.7,,55,
119,수원,2025-06-15 17:00,28.6,,61,
119,수원,2025-06-15 18:00,28.5,,64,
119,수원,2025-06-15 19:00,26.8,,73,
119,수원,2025-06-15 20:00,26.1,,77,
119,수원,2025-06-15 21:00,25.2,0,80,
119,수원,2025-06-15 22:00,24.4,0,86,
119,수원,2025-06-15 23:00,23.6,.7,92,
119,수원,2025-06-16 00:00,22.4,2.7,94,
119,수원,2025-06-16 01:00,22.1,1.8,94,
119,수원,2025-06-16 02:00,21.9,3.3,94,
119,수원,2025-06-16 03:00,22.1,.3,93,
119,수원,2025-06-16 04:00,22,.2,92,
119,수원,2025-06-16 05:00,21.8,0,93,
119,수원,2025-06-16 06:00,21.6,0,94,
119,수원,2025-06-16 07:00,21.8,.1,94,
119,수원,2025-06-16 08:00,22.2,0,92,
119,수원,2025-06-16 09:00,22.4,,89,
119,수원,2025-06-16 10:00,23.2,,87,
119,수원,2025-06-16 11:00,23.6,,86,
119,수원,2025-06-16 12:00,24.4,,83,
119,수원,2025-06-16 13:00,23.6,4.6,88,
119,수원,2025-06-16 14:00,23.5,1.4,84,
119,수원,2025-06-16 15:00,24.6,,80,
119,수원,2025-06-16 16:00,24.9,,77,
119,수원,2025-06-16 17:00,25.1,,74,
119,수원,2025-06-16 18:00,24.3,,74,
119,수원,2025-06-16 19:00,23.2,,77,
119,수원,2025-06-16 20:00,22.5,,81,
119,수원,2025-06-16 21:00,21.9,,82,
119,수원,2025-06-16 22:00,21.7,,83,
119,수원,2025-06-16 23:00,21.5,,83,
119,수원,2025-06-17 00:00,21.1,.2,87,
119,수원,2025-06-17 01:00,20.2,.1,79,
119,수원,2025-06-17 02:00,20.1,,86,
119,수원,2025-06-17 03:00,20.4,,89,
119,수원,2025-06-17 04:00,20.5,,90,
119,수원,2025-06-17 05:00,20.9,,91,
119,수원,2025-06-17 06:00,21.3,,90,
119,수원,2025-06-17 07:00,21.9,,87,
119,수원,2025-06-17 08:00,22.3,,84,
119,수원,2025-06-17 09:00,23.3,,80,
119,수원,2025-06-17 10:00,24.6,,76,
119,수원,2025-06-17 11:00,25.5,,72,
119,수원,2025-06-17 12:00,25.4,,70,
119,수원,2025-06-17 13:00,26.7,,63,
119,수원,2025-06-17 14:00,26.8,,62,
119,수원,2025-06-17 15:00,27,,64,
119,수원,2025-06-17 16:00,27.5,,58,
119,수원,2025-06-17 17:00,28.2,,55,
119,수원,2025-06-17 18:00,27,,66,
119,수원,2025-06-17 19:00,25.3,,73,
119,수원,2025-06-17 20:00,23.5,,82,
119,수원,2025-06-17 21:00,22.5,,86,
119,수원,2025-06-17 22:00,22,,88,
119,수원,2025-06-17 23:00,21.6,,89,
119,수원,2025-06-18 00:00,21.1,,91,
119,수원,2025-06-18 01:00,20.6,,92,
119,수원,2025-06-18 02:00,20.9,,93,
119,수원,2025-06-18 03:00,20.5,,92,
119,수원,2025-06-18 04:00,20.5,,92,
119,수원,2025-06-18 05:00,20.6,,89,
119,수원,2025-06-18 06:00,20.3,,89,
119,수원,2025-06-18 07:00,20.4,,85,
119,수원,2025-06-18 08:00,21.3,,80,
119,수원,2025-06-18 09:00,23.3,,72,
119,수원,2025-06-18 10:00,24.5,,66,
119,수원,2025-06-18 11:00,26.4,,60,
119,수원,2025-06-18 12:00,27.5,,53,
119,수원,2025-06-18 13:00,28.9,,44,
119,수원,2025-06-18 14:00,29.1,,44,
119,수원,2025-06-18 15:00,29.7,,44,
119,수원,2025-06-18 16:00,29.7,,46,
119,수원,2025-06-18 17:00,29.2,,49,
119,수원,2025-06-18 18:00,28.4,,54,
119,수원,2025-06-18 19:00,26.6,,61,
119,수원,2025-06-18 20:00,24.9,,70,
119,수원,2025-06-18 21:00,23.7,,73,
119,수원,2025-06-18 22:00,22.9,,74,
119,수원,2025-06-18 23:00,22.2,,74,
119,수원,2025-06-19 00:00,21.4,,80,
119,수원,2025-06-19 01:00,21.1,,78,
119,수원,2025-06-19 02:00,20.2,,81,
119,수원,2025-06-19 03:00,19.6,,84,
119,수원,2025-06-19 04:00,19.2,,89,
119,수원,2025-06-19 05:00,18.9,,89,
119,수원,2025-06-19 06:00,19.2,,88,
119,수원,2025-06-19 07:00,22.2,,74,
119,수원,2025-06-19 08:00,24.7,,65,
119,수원,2025-06-19 09:00,26.6,,53,
119,수원,2025-06-19 10:00,28.2,,51,
119,수원,2025-06-19 11:00,28.7,,53,
119,수원,2025-06-19 12:00,30.7,,48,
119,수원,2025-06-19 13:00,31.6,,45,
119,수원,2025-06-19 14:00,32,,35,
119,수원,2025-06-19 15:00,30.7,,47,
119,수원,2025-06-19 16:00,30.8,,50,
119,수원,2025-06-19 17:00,30.7,,50,
119,수원,2025-06-19 18:00,30.8,,49,
119,수원,2025-06-19 19:00,30.5,,51,
119,수원,2025-06-19 20:00,29.4,0,61,
119,수원,2025-06-19 21:00,29,0,63,
119,수원,2025-06-19 22:00,28.3,,68,
119,수원,2025-06-19 23:00,28,,68,
119,수원,2025-06-20 00:00,27.7,,68,
119,수원,2025-06-20 01:00,25.1,.7,85,
119,수원,2025-06-20 02:00,24.6,.6,88,
119,수원,2025-06-20 03:00,24.6,.2,90,
119,수원,2025-06-20 04:00,24,.6,92,
119,수원,2025-06-20 05:00,24.2,.7,90,
119,수원,2025-06-20 06:00,24,1.9,91,
119,수원,2025-06-20 07:00,24,.9,92,
119,수원,2025-06-20 08:00,24.3,.7,91,
119,수원,2025-06-20 09:00,24.1,1.4,92,
119,수원,2025-06-20 10:00,24.3,.9,92,
119,수원,2025-06-20 11:00,24.3,1.3,91,
119,수원,2025-06-20 12:00,24.8,1.5,91,
119,수원,2025-06-20 13:00,25.3,.1,87,
119,수원,2025-06-20 14:00,24.1,4,92,
119,수원,2025-06-20 15:00,24.4,10.5,91,
119,수원,2025-06-20 16:00,24.7,3.5,88,
119,수원,2025-06-20 17:00,23.6,3.8,91,
119,수원,2025-06-20 18:00,23.3,5.3,93,
119,수원,2025-06-20 19:00,23.1,5.4,94,
119,수원,2025-06-20 20:00,23.1,.3,90,
119,수원,2025-06-20 21:00,22.3,.5,94,
119,수원,2025-06-20 22:00,22.5,.4,94,
119,수원,2025-06-20 23:00,22.1,.4,95,
119,수원,2025-06-21 00:00,22.1,.1,94,
119,수원,2025-06-21 01:00,21.7,0,95,
119,수원,2025-06-21 02:00,21.4,.1,95,
119,수원,2025-06-21 03:00,21.2,.2,96,
119,수원,2025-06-21 04:00,21,0,95,
119,수원,2025-06-21 05:00,20.5,0,96,
119,수원,2025-06-21 06:00,20.3,0,97,
119,수원,2025-06-21 07:00,20.3,0,97,
119,수원,2025-06-21 08:00,20.6,0,96,
119,수원,2025-06-21 09:00,21.1,,95,
119,수원,2025-06-21 10:00,21,,94,
119,수원,2025-06-21 11:00,21.5,,92,
119,수원,2025-06-21 12:00,21.1,,93,
119,수원,2025-06-21 13:00,21.6,,91,
119,수원,2025-06-21 14:00,21.8,0,90,
119,수원,2025-06-21 15:00,22.1,0,89,
119,수원,2025-06-21 16:00,22.5,0,87,
119,수원,2025-06-21 17:00,22.3,,82,
119,수원,2025-06-21 18:00,22.2,,84,
119,수원,2025-06-21 19:00,21.8,,85,
119,수원,2025-06-21 20:00,21.4,,89,
119,수원,2025-06-21 21:00,21.2,,91,
119,수원,2025-06-21 22:00,20.8,,92,
119,수원,2025-06-21 23:00,20.7,,91,
119,수원,2025-06-22 00:00,20.2,,88,
119,수원,2025-06-22 01:00,19.6,,89,
119,수원,2025-06-22 02:00,18.8,,91,
119,수원,2025-06-22 03:00,17.8,,93,
119,수원,2025-06-22 04:00,17.2,,95,
119,수원,2025-06-22 05:00,16.7,,96,
119,수원,2025-06-22 06:00,16.9,,97,
119,수원,2025-06-22 07:00,18.7,,93,
119,수원,2025-06-22 08:00,20.6,,82,
119,수원,2025-06-22 09:00,22.3,,71,
119,수원,2025-06-22 10:00,23.7,,66,
119,수원,2025-06-22 11:00,25.1,,56,
119,수원,2025-06-22 12:00,25.9,,51,
119,수원,2025-06-22 13:00,27,,50,
119,수원,2025-06-22 14:00,27.1,,53,
119,수원,2025-06-22 15:00,26.5,,56,
119,수원,2025-06-22 16:00,26.9,,55,
119,수원,2025-06-22 17:00,26.4,,59,
119,수원,2025-06-22 18:00,25.9,,60,
119,수원,2025-06-22 19:00,24,,67,
119,수원,2025-06-22 20:00,22.2,,70,
119,수원,2025-06-22 21:00,21,,73,
119,수원,2025-06-22 22:00,19.9,,78,
119,수원,2025-06-22 23:00,19.1,,83,
119,수원,2025-06-23 00:00,18.3,,89,
119,수원,2025-06-23 01:00,17.9,,91,
119,수원,2025-06-23 02:00,17.5,,94,
119,수원,2025-06-23 03:00,17.2,,94,
119,수원,2025-06-23 04:00,17.1,,95,
119,수원,2025-06-23 05:00,17.2,,96,
119,수원,2025-06-23 06:00,17.4,,96,
119,수원,2025-06-23 07:00,19.9,,88,
119,수원,2025-06-23 08:00,21.4,,79,
119,수원,2025-06-23 09:00,23.4,,68,
119,수원,2025-06-23 10:00,24.6,,63,
119,수원,2025-06-23 11:00,26.5,,57,
119,수원,2025-06-23 12:00,28,,54,
119,수원,2025-06-23 13:00,29.2,,48,
119,수원,2025-06-23 14:00,29.8,,48,
119,수원,2025-06-23 15:00,31,,45,
119,수원,2025-06-23 16:00,31.1,,49,
119,수원,2025-06-23 17:00,30.6,,54,
119,수원,2025-06-23 18:00,29.7,,56,
119,수원,2025-06-23 19:00,28.4,,61,
119,수원,2025-06-23 20:00,25.8,,71,
119,수원,2025-06-23 21:00,24.4,,76,
119,수원,2025-06-23 22:00,23.4,,81,
119,수원,2025-06-23 23:00,22.9,,83,
119,수원,2025-06-24 00:00,22.4,,87,
119,수원,2025-06-24 01:00,22.1,,86,
119,수원,2025-06-24 02:00,22,,88,
119,수원,2025-06-24 03:00,22.5,,87,
119,수원,2025-06-24 04:00,22,,89,
119,수원,2025-06-24 05:00,21.9,,91,
119,수원,2025-06-24 06:00,22.1,,90,
119,수원,2025-06-24 07:00,24.3,,71,
119,수원,2025-06-24 08:00,25.2,,65,
119,수원,2025-06-24 09:00,25.9,,64,
119,수원,2025-06-24 10:00,26.3,,59,
119,수원,2025-06-24 11:00,27.2,,56,
119,수원,2025-06-24 12:00,27.8,,54,
119,수원,2025-06-24 13:00,28.1,,50,
119,수원,2025-06-24 14:00,28.3,,48,
119,수원,2025-06-24 15:00,27.5,,52,
119,수원,2025-06-24 16:00,27.1,,56,
119,수원,2025-06-24 17:00,27,,55,
119,수원,2025-06-24 18:00,26.5,0,57,
119,수원,2025-06-24 19:00,25.4,0,64,
119,수원,2025-06-24 20:00,22.2,.6,84,
119,수원,2025-06-24 21:00,20.5,2.1,91,
119,수원,2025-06-24 22:00,20.5,.3,90,
119,수원,2025-06-24 23:00,20.7,,83,
119,수원,2025-06-25 00:00,20.8,0,77,
119,수원,2025-06-25 01:00,20.9,0,75,
119,수원,2025-06-25 02:00,20.4,0,78,
119,수원,2025-06-25 03:00,20.5,0,79,
119,수원,2025-06-25 04:00,20.7,,78,
119,수원,2025-06-25 05:00,20.8,,79,
119,수원,2025-06-25 06:00,20.9,0,80,
119,수원,2025-06-25 07:00,20.8,0,82,
119,수원,2025-06-25 08:00,20.7,.1,83,
119,수원,2025-06-25 09:00,20.7,0,85,
119,수원,2025-06-25 10:00,21,0,84,
119,수원,2025-06-25 11:00,22.5,,82,
119,수원,2025-06-25 12:00,21.5,0,88,
119,수원,2025-06-25 13:00,21.2,0,90,
119,수원,2025-06-25 14:00,21.9,.2,88,
119,수원,2025-06-25 15:00,21,1.2,93,
119,수원,2025-06-25 16:00,21.3,2.5,94,
119,수원,2025-06-25 17:00,20.9,1.2,95,
119,수원,2025-06-25 18:00,20.3,.3,94,
119,수원,2025-06-25 19:00,20.1,.1,95,
119,수원,2025-06-25 20:00,19.8,.1,96,
119,수원,2025-06-25 21:00,19.6,.4,96,
119,수원,2025-06-25 22:00,19.4,.7,97,
119,수원,2025-06-25 23:00,19.4,1,97,
119,수원,2025-06-26 00:00,19.4,.2,97,
119,수원,2025-06-26 01:00,19.4,0,96,
119,수원,2025-06-26 02:00,19.3,,96,
119,수원,2025-06-26 03:00,19.2,,97,
119,수원,2025-06-26 04:00,19.3,.3,97,
119,수원,2025-06-26 05:00,19.1,.2,97,
119,수원,2025-06-26 06:00,19.1,.1,97,
119,수원,2025-06-26 07:00,19.2,.1,97,
119,수원,2025-06-26 08:00,19.4,,97,
119,수원,2025-06-26 09:00,19.9,,96,
119,수원,2025-06-26 10:00,20.6,,92,
119,수원,2025-06-26 11:00,22.4,,80,
119,수원,2025-06-26 12:00,22.3,,83,
119,수원,2025-06-26 13:00,22.5,,82,
119,수원,2025-06-26 14:00,23.2,,79,
119,수원,2025-06-26 15:00,23.3,,77,
119,수원,2025-06-26 16:00,24.4,,72,
119,수원,2025-06-26 17:00,24.8,,70,
119,수원,2025-06-26 18:00,24.5,,71,
119,수원,2025-06-26 19:00,24.2,,76,
119,수원,2025-06-26 20:00,22.7,,80,
119,수원,2025-06-26 21:00,21.3,,86,
119,수원,2025-06-26 22:00,20.4,,90,
119,수원,2025-06-26 23:00,20,,92,
119,수원,2025-06-27 00:00,19.8,,92,
119,수원,2025-06-27 01:00,19.8,,94,
119,수원,2025-06-27 02:00,19.3,,94,
119,수원,2025-06-27 03:00,19.1,,95,
119,수원,2025-06-27 04:00,19.4,,96,
119,수원,2025-06-27 05:00,19.6,,95,
119,수원,2025-06-27 06:00,19.9,,95,
119,수원,2025-06-27 07:00,20.6,,92,
119,수원,2025-06-27 08:00,21.4,,87,
119,수원,2025-06-27 09:00,22.1,0,86,
119,수원,2025-06-27 10:00,23.8,,78,
119,수원,2025-06-27 11:00,25.2,,75,
119,수원,2025-06-27 12:00,26.8,,66,
119,수원,2025-06-27 13:00,26.9,,65,
119,수원,2025-06-27 14:00,27.6,,64,
119,수원,2025-06-27 15:00,28.3,,63,
119,수원,2025-06-27 16:00,28.8,,63,
119,수원,2025-06-27 17:00,28.8,,62,
119,수원,2025-06-27 18:00,28.7,,64,
119,수원,2025-06-27 19:00,28.2,,65,
119,수원,2025-06-27 20:00,27.4,,68,
119,수원,2025-06-27 21:00,26.8,,72,
119,수원,2025-06-27 22:00,26.3,,75,
119,수원,2025-06-27 23:00,25.4,,80,
119,수원,2025-06-28 00:00,24.5,,85,
119,수원,2025-06-28 01:00,24.3,,85,
119,수원,2025-06-28 02:00,23.9,.1,91,
119,수원,2025-06-28 03:00,23.6,.1,93,
119,수원,2025-06-28 04:00,23.9,,92,
119,수원,2025-06-28 05:00,24.1,,90,
119,수원,2025-06-28 06:00,24.2,,88,
119,수원,2025-06-28 07:00,24.4,0,88,
119,수원,2025-06-28 08:00,25.2,,85,
119,수원,2025-06-28 09:00,25.8,0,83,
119,수원,2025-06-28 10:00,27,,79,
119,수원,2025-06-28 11:00,27.5,,75,
119,수원,2025-06-28 12:00,27.7,,73,
119,수원,2025-06-28 13:00,27.9,0,77,
119,수원,2025-06-28 14:00,27.6,0,76,
119,수원,2025-06-28 15:00,28.5,0,75,
119,수원,2025-06-28 16:00,28.3,,77,
119,수원,2025-06-28 17:00,28.7,,76,
119,수원,2025-06-28 18:00,27.9,,77,
119,수원,2025-06-28 19:00,27,,81,
119,수원,2025-06-28 20:00,26.1,,85,
119,수원,2025-06-28 21:00,25.5,,88,
119,수원,2025-06-28 22:00,25.7,,87,
119,수원,2025-06-28 23:00,25.4,,88,
119,수원,2025-06-29 00:00,25,,90,
119,수원,2025-06-29 01:00,24.5,,92,
119,수원,2025-06-29 02:00,24.6,,91,
119,수원,2025-06-29 03:00,24.6,,91,
119,수원,2025-06-29 04:00,24.5,,91,
119,수원,2025-06-29 05:00,24.3,,92,
119,수원,2025-06-29 06:00,24.3,,91,
119,수원,2025-06-29 07:00,24.9,,82,
119,수원,2025-06-29 08:00,25.7,,78,
119,수원,2025-06-29 09:00,25.9,,78,
119,수원,2025-06-29 10:00,26.8,,74,
119,수원,2025-06-29 11:00,27.4,,73,
119,수원,2025-06-29 12:00,27.8,,70,
119,수원,2025-06-29 13:00,28.8,,68,
119,수원,2025-06-29 14:00,29.6,,64,
119,수원,2025-06-29 15:00,30.4,,62,
119,수원,2025-06-29 16:00,30.4,,63,
119,수원,2025-06-29 17:00,30.5,,64,
119,수원,2025-06-29 18:00,30.3,,62,
119,수원,2025-06-29 19:00,29.4,,66,
119,수원,2025-06-29 20:00,27.8,,70,
119,수원,2025-06-29 21:00,26.5,,75,
119,수원,2025-06-29 22:00,25.9,,80,
119,수원,2025-06-29 23:00,25,,84,
119,수원,2025-06-30 00:00,24.4,,87,
119,수원,2025-06-30 01:00,24,,89,
119,수원,2025-06-30 02:00,23.9,,90,
119,수원,2025-06-30 03:00,23.8,,92,
119,수원,2025-06-30 04:00,23.8,,92,
119,수원,2025-06-30 05:00,24.2,,92,
119,수원,2025-06-30 06:00,24.5,,90,
119,수원,2025-06-30 07:00,25.5,,86,
119,수원,2025-06-30 08:00,27,,77,
119,수원,2025-06-30 09:00,27.9,,71,
119,수원,2025-06-30 10:00,28.4,,68,
119,수원,2025-06-30 11:00,29,,66,
119,수원,2025-06-30 12:00,30.3,,61,
119,수원,2025-06-30 13:00,30.6,,61,
119,수원,2025-06-30 14:00,30.2,,64,
119,수원,2025-06-30 15:00,30.7,,62,
119,수원,2025-06-30 16:00,30.5,,62,
119,수원,2025-06-30 17:00,30.1,,64,
119,수원,2025-06-30 18:00,29.6,,65,
119,수원,2025-06-30 19:00,29.6,,67,
119,수원,2025-06-30 20:00,28.2,,71,
119,수원,2025-06-30 21:00,27,,77,
119,수원,2025-06-30 22:00,26.6,,79,
119,수원,2025-06-30 23:00,25.7,,82,
119,수원,2025-07-01 00:00,25.5,,84,
119,수원,2025-07-01 01:00,25.7,,83,
119,수원,2025-07-01 02:00,25.7,,84,
119,수원,2025-07-01 03:00,25.6,,85,
119,수원,2025-07-01 04:00,25.5,,85,
119,수원,2025-07-01 05:00,25.4,,85,
119,수원,2025-07-01 06:00,25.5,,86,
119,수원,2025-07-01 07:00,25.7,0,86,
119,수원,2025-07-01 08:00,26,.5,88,
119,수원,2025-07-01 09:00,26.8,0,84,
119,수원,2025-07-01 10:00,28.1,0,77,
119,수원,2025-07-01 11:00,29.3,0,76,
119,수원,2025-07-01 12:00,28.1,1.8,82,
119,수원,2025-07-01 13:00,28,0,82,
119,수원,2025-07-01 14:00,30.6,,72,
119,수원,2025-07-01 15:00,31.4,,68,
119,수원,2025-07-01 16:00,30.7,,69,
119,수원,2025-07-01 17:00,31.3,0,67,
119,수원,2025-07-01 18:00,29.7,,74,
119,수원,2025-07-01 19:00,28.8,,78,
119,수원,2025-07-01 20:00,27.9,,80,
119,수원,2025-07-01 21:00,27.3,,83,
119,수원,2025-07-01 22:00,26.9,,85,
119,수원,2025-07-01 23:00,26.4,,86,
119,수원,2025-07-02 00:00,26.1,,87,
119,수원,2025-07-02 01:00,25.6,,89,
119,수원,2025-07-02 02:00,25.2,,91,
119,수원,2025-07-02 03:00,25.3,,91,
119,수원,2025-07-02 04:00,25.6,,90,
119,수원,2025-07-02 05:00,25.4,,91,
119,수원,2025-07-02 06:00,25.5,,91,
119,수원,2025-07-02 07:00,26.6,,86,
119,수원,2025-07-02 08:00,27,,82,
119,수원,2025-07-02 09:00,27.3,,83,
119,수원,2025-07-02 10:00,29.1,,72,
119,수원,2025-07-02 11:00,29.3,,70,
119,수원,2025-07-02 12:00,30.9,,67,
119,수원,2025-07-02 13:00,30.4,,68,
119,수원,2025-07-02 14:00,29.9,,70,
119,수원,2025-07-02 15:00,29.9,,69,
119,수원,2025-07-02 16:00,30.4,,68,
119,수원,2025-07-02 17:00,30.4,,64,
119,수원,2025-07-02 18:00,30,,65,
119,수원,2025-07-02 19:00,29.1,,72,
119,수원,2025-07-02 20:00,28.1,,77,
119,수원,2025-07-02 21:00,27.4,,81,
119,수원,2025-07-02 22:00,26.7,,84,
119,수원,2025-07-02 23:00,26,,88,
119,수원,2025-07-03 00:00,25.6,,90,
119,수원,2025-07-03 01:00,26,,87,
119,수원,2025-07-03 02:00,25.8,,87,
119,수원,2025-07-03 03:00,25.9,,87,
119,수원,2025-07-03 04:00,25.8,,88,
119,수원,2025-07-03 05:00,25.4,,87,
119,수원,2025-07-03 06:00,25.3,,89,
119,수원,2025-07-03 07:00,25.5,,87,
119,수원,2025-07-03 08:00,26,,84,
119,수원,2025-07-03 09:00,27,,77,
119,수원,2025-07-03 10:00,27.8,,73,
119,수원,2025-07-03 11:00,28,,73,
119,수원,2025-07-03 12:00,28.1,,72,
119,수원,2025-07-03 13:00,29.8,,66,
119,수원,2025-07-03 14:00,30.3,,61,
119,수원,2025-07-03 15:00,30.4,,58,
119,수원,2025-07-03 16:00,31.3,,58,
119,수원,2025-07-03 17:00,31,,62,
119,수원,2025-07-03 18:00,30.1,,64,
119,수원,2025-07-03 19:00,28.5,,68,
119,수원,2025-07-03 20:00,27.5,,75,
119,수원,2025-07-03 21:00,26.7,,78,
119,수원,2025-07-03 22:00,26.1,,80,
119,수원,2025-07-03 23:00,25.5,,84,
119,수원,2025-07-04 00:00,25.4,,84,
119,수원,2025-07-04 01:00,25,,86,
119,수원,2025-07-04 02:00,24.8,,88,
119,수원,2025-07-04 03:00,24.8,,87,
119,수원,2025-07-04 04:00,24.6,,88,
119,수원,2025-07-04 05:00,24.5,,87,
119,수원,2025-07-04 06:00,24.6,,86,
119,수원,2025-07-04 07:00,25.6,,79,
119,수원,2025-07-04 08:00,26,,79,
119,수원,2025-07-04 09:00,26.4,,76,
119,수원,2025-07-04 10:00,26.9,,73,
119,수원,2025-07-04 11:00,26.9,,72,
119,수원,2025-07-04 12:00,27.2,,72,
119,수원,2025-07-04 13:00,27.7,,72,
119,수원,2025-07-04 14:00,28.5,,69,
119,수원,2025-07-04 15:00,28.9,,68,
119,수원,2025-07-04 16:00,29.5,,67,
119,수원,2025-07-04 17:00,28.9,,69,
119,수원,2025-07-04 18:00,28.3,,71,
119,수원,2025-07-04 19:00,27.6,,73,
119,수원,2025-07-04 20:00,27,,76,
119,수원,2025-07-04 21:00,26.6,,78,
119,수원,2025-07-04 22:00,26.3,,78,
119,수원,2025-07-04 23:00,26,,80,
119,수원,2025-07-05 00:00,26,,79,
119,수원,2025-07-05 01:00,25.7,,84,
119,수원,2025-07-05 02:00,25.5,,84,
119,수원,2025-07-05 03:00,25.2,,86,
119,수원,2025-07-05 04:00,25.1,,85,
119,수원,2025-07-05 05:00,25.1,,86,
119,수원,2025-07-05 06:00,25,,87,
119,수원,2025-07-05 07:00,25.4,,86,
119,수원,2025-07-05 08:00,25.9,,83,
119,수원,2025-07-05 09:00,27.6,,74,
119,수원,2025-07-05 10:00,27.6,,73,
119,수원,2025-07-05 11:00,28.8,,70,
119,수원,2025-07-05 12:00,29.3,,64,
119,수원,2025-07-05 13:00,30,,61,
119,수원,2025-07-05 14:00,30.5,,62,
119,수원,2025-07-05 15:00,31.1,,60,
119,수원,2025-07-05 16:00,30.9,,61,
119,수원,2025-07-05 17:00,30.6,,61,
119,수원,2025-07-05 18:00,30.2,,63,
119,수원,2025-07-05 19:00,29.3,,64,
119,수원,2025-07-05 20:00,27.9,,71,
119,수원,2025-07-05 21:00,26.7,,78,
119,수원,2025-07-05 22:00,26.5,,79,
119,수원,2025-07-05 23:00,26.5,,78,
119,수원,2025-07-06 00:00,26.3,,80,
119,수원,2025-07-06 01:00,25.8,,83,
119,수원,2025-07-06 02:00,25.4,,85,
119,수원,2025-07-06 03:00,25.2,,87,
119,수원,2025-07-06 04:00,25.4,,87,
119,수원,2025-07-06 05:00,25.3,,88,
119,수원,2025-07-06 06:00,25.4,,87,
119,수원,2025-07-06 07:00,25.5,,87,
119,수원,2025-07-06 08:00,25.9,,84,
119,수원,2025-07-06 09:00,26,,83,
119,수원,2025-07-06 10:00,27.4,,78,
119,수원,2025-07-06 11:00,29.3,,66,
119,수원,2025-07-06 12:00,30.4,,64,
119,수원,2025-07-06 13:00,31.7,,59,
119,수원,2025-07-06 14:00,31.6,,60,
119,수원,2025-07-06 15:00,31.5,,62,
119,수원,2025-07-06 16:00,31.6,,63,
119,수원,2025-07-06 17:00,31.1,,66,
119,수원,2025-07-06 18:00,30.6,,69,
119,수원,2025-07-06 19:00,29.6,,70,
119,수원,2025-07-06 20:00,28.5,,71,
119,수원,2025-07-06 21:00,27.7,,76,
119,수원,2025-07-06 22:00,27.4,,79,
119,수원,2025-07-06 23:00,27.4,,80,
119,수원,2025-07-07 00:00,26.5,,85,
119,수원,2025-07-07 01:00,26,,87,
119,수원,2025-07-07 02:00,25.9,,87,
119,수원,2025-07-07 03:00,25.8,,86,
119,수원,2025-07-07 04:00,25.8,,86,
119,수원,2025-07-07 05:00,25.9,,85,
119,수원,2025-07-07 06:00,25.9,,85,
119,수원,2025-07-07 07:00,26.2,,85,
119,수원,2025-07-07 08:00,26.8,,83,
119,수원,2025-07-07 09:00,27.8,,77,
119,수원,2025-07-07 10:00,28.5,,75,
119,수원,2025-07-07 11:00,29.2,,72,
119,수원,2025-07-07 12:00,30.1,,70,
119,수원,2025-07-07 13:00,30.9,,67,
119,수원,2025-07-07 14:00,31.9,,63,
119,수원,2025-07-07 15:00,32.1,,63,
119,수원,2025-07-07 16:00,31.2,,68,
119,수원,2025-07-07 17:00,31.8,,66,
119,수원,2025-07-07 18:00,31.1,,68,
119,수원,2025-07-07 19:00,29.1,,74,
119,수원,2025-07-07 20:00,28.5,,77,
119,수원,2025-07-07 21:00,27,,84,
119,수원,2025-07-07 22:00,26.5,,86,
119,수원,2025-07-07 23:00,26,,88,
119,수원,2025-07-08 00:00,25.8,,89,
119,수원,2025-07-08 01:00,25.6,,90,
119,수원,2025-07-08 02:00,25.4,,91,
119,수원,2025-07-08 03:00,25.5,,90,
119,수원,2025-07-08 04:00,25.3,,90,
119,수원,2025-07-08 05:00,25,,91,
119,수원,2025-07-08 06:00,24.9,,92,
119,수원,2025-07-08 07:00,26.4,,89,
119,수원,2025-07-08 08:00,30,,74,
119,수원,2025-07-08 09:00,31.2,,69,
119,수원,2025-07-08 10:00,32.7,,60,
119,수원,2025-07-08 11:00,33.6,,58,
119,수원,2025-07-08 12:00,34.8,,54,
119,수원,2025-07-08 13:00,34.9,,52,
119,수원,2025-07-08 14:00,35.4,,50,
119,수원,2025-07-08 15:00,35.2,,52,
119,수원,2025-07-08 16:00,36,,50,
119,수원,2025-07-08 17:00,35.7,,55,
119,수원,2025-07-08 18:00,29.5,3.2,72,
119,수원,2025-07-08 19:00,30,0,79,
119,수원,2025-07-08 20:00,26.1,13.9,89,
119,수원,2025-07-08 21:00,26.3,.3,92,
119,수원,2025-07-08 22:00,26.6,,93,
119,수원,2025-07-08 23:00,26.5,,93,
119,수원,2025-07-09 00:00,26.2,,93,
119,수원,2025-07-09 01:00,26.8,,86,
119,수원,2025-07-09 02:00,27.5,,80,
119,수원,2025-07-09 03:00,27.6,,79,
119,수원,2025-07-09 04:00,27.7,,78,
119,수원,2025-07-09 05:00,27.4,,78,
119,수원,2025-07-09 06:00,27.3,,78,
119,수원,2025-07-09 07:00,28.2,,73,
119,수원,2025-07-09 08:00,29.1,,68,
119,수원,2025-07-09 09:00,30.6,,65,
119,수원,2025-07-09 10:00,31.3,,60,
119,수원,2025-07-09 11:00,32.2,,59,
119,수원,2025-07-09 12:00,32.4,,58,
119,수원,2025-07-09 13:00,33.1,,52,
119,수원,2025-07-09 14:00,33.9,,52,
119,수원,2025-07-09 15:00,34.3,,49,
119,수원,2025-07-09 16:00,34.1,,46,
119,수원,2025-07-09 17:00,34.6,,45,
119,수원,2025-07-09 18:00,34.3,,44,
119,수원,2025-07-09 19:00,33.7,,47,
119,수원,2025-07-09 20:00,32.6,,52,
119,수원,2025-07-09 21:00,30.1,,67,
119,수원,2025-07-09 22:00,29.1,,74,
119,수원,2025-07-09 23:00,30.5,,52,
119,수원,2025-07-10 00:00,29.8,,49,
119,수원,2025-07-10 01:00,28.8,,50,
119,수원,2025-07-10 02:00,27.7,,54,
119,수원,2025-07-10 03:00,27.5,,54,
119,수원,2025-07-10 04:00,27,,58,
119,수원,2025-07-10 05:00,26.5,,56,
119,수원,2025-07-10 06:00,25.8,,64,
119,수원,2025-07-10 07:00,27.4,,61,
119,수원,2025-07-10 08:00,29.3,,51,
119,수원,2025-07-10 09:00,30,,49,
119,수원,2025-07-10 10:00,31.2,,42,
119,수원,2025-07-10 11:00,32.1,,38,
119,수원,2025-07-10 12:00,32.6,,39,
119,수원,2025-07-10 13:00,33.3,,39,
119,수원,2025-07-10 14:00,33.5,,39,
119,수원,2025-07-10 15:00,34,,39,
119,수원,2025-07-10 16:00,34.4,,38,
119,수원,2025-07-10 17:00,34.6,,36,
119,수원,2025-07-10 18:00,34.4,,37,
119,수원,2025-07-10 19:00,34,,36,
119,수원,2025-07-10 20:00,32.2,,40,
119,수원,2025-07-10 21:00,31.3,,39,
119,수원,2025-07-10 22:00,30,,41,
119,수원,2025-07-10 23:00,29,,42,
119,수원,2025-07-11 00:00,28,,42,
119,수원,2025-07-11 01:00,27.2,,43,
119,수원,2025-07-11 02:00,26.4,,43,
119,수원,2025-07-11 03:00,25.9,,44,
119,수원,2025-07-11 04:00,25.2,,47,
119,수원,2025-07-11 05:00,24.4,,50,
119,수원,2025-07-11 06:00,24.7,,50,
119,수원,2025-07-11 07:00,25.8,,49,
119,수원,2025-07-11 08:00,26.6,,50,
119,수원,2025-07-11 09:00,27.7,,47,
119,수원,2025-07-11 10:00,28.9,,49,
119,수원,2025-07-11 11:00,30,,41,
119,수원,2025-07-11 12:00,31,,41,
119,수원,2025-07-11 13:00,31.7,,41,
119,수원,2025-07-11 14:00,32.5,,38,
119,수원,2025-07-11 15:00,33.2,,37,
119,수원,2025-07-11 16:00,34,,36,
119,수원,2025-07-11 17:00,33.9,,35,
119,수원,2025-07-11 18:00,34,,36,
119,수원,2025-07-11 19:00,33.4,,37,
119,수원,2025-07-11 20:00,32.2,,41,
119,수원,2025-07-11 21:00,31.3,,43,
119,수원,2025-07-11 22:00,29.8,,48,
119,수원,2025-07-11 23:00,28.8,,51,
119,수원,2025-07-12 00:00,27.7,,53,
119,수원,2025-07-12 01:00,26.8,,53,
119,수원,2025-07-12 02:00,26.3,,53,
119,수원,2025-07-12 03:00,25.5,,55,
119,수원,2025-07-12 04:00,24.8,,55,
119,수원,2025-07-12 05:00,24,,57,
119,수원,2025-07-12 06:00,23.6,,59,
119,수원,2025-07-12 07:00,25.5,,54,
119,수원,2025-07-12 08:00,26.7,,50,
119,수원,2025-07-12 09:00,28,,47,
119,수원,2025-07-12 10:00,29.2,,43,
119,수원,2025-07-12 11:00,30.1,,39,
119,수원,2025-07-12 12:00,30.8,,39,
119,수원,2025-07-12 13:00,31.8,,39,
119,수원,2025-07-12 14:00,32.7,,35,
119,수원,2025-07-12 15:00,33.5,,33,
119,수원,2025-07-12 16:00,34,,29,
119,수원,2025-07-12 17:00,34,,32,
119,수원,2025-07-12 18:00,33.8,,39,
119,수원,2025-07-12 19:00,30.1,,50,
119,수원,2025-07-12 20:00,28.3,,55,
119,수원,2025-07-12 21:00,27.1,,58,
119,수원,2025-07-12 22:00,26.4,,61,
119,수원,2025-07-12 23:00,25.5,,64,
119,수원,2025-07-13 00:00,24,,72,
119,수원,2025-07-13 01:00,23.3,,75,
119,수원,2025-07-13 02:00,23.5,,74,
119,수원,2025-07-13 03:00,23.1,,74,
119,수원,2025-07-13 04:00,22.9,,74,
119,수원,2025-07-13 05:00,22.2,,78,
119,수원,2025-07-13 06:00,23.1,,76,
119,수원,2025-07-13 07:00,24,,73,
119,수원,2025-07-13 08:00,26,,65,
119,수원,2025-07-13 09:00,27.3,,59,
119,수원,2025-07-13 10:00,27.8,,58,
119,수원,2025-07-13 11:00,29,,57,
119,수원,2025-07-13 12:00,28.6,,58,
119,수원,2025-07-13 13:00,28.2,,61,
119,수원,2025-07-13 14:00,26.3,0,72,
119,수원,2025-07-13 15:00,24.8,.7,86,
119,수원,2025-07-13 16:00,24.8,.3,86,
119,수원,2025-07-13 17:00,24.9,0,84,
119,수원,2025-07-13 18:00,24.8,.1,84,
119,수원,2025-07-13 19:00,24.4,.4,89,
119,수원,2025-07-13 20:00,23.9,,90,
119,수원,2025-07-13 21:00,23.6,,91,
119,수원,2025-07-13 22:00,23.3,,90,
119,수원,2025-07-13 23:00,23.1,,92,
119,수원,2025-07-14 00:00,22.7,,93,
119,수원,2025-07-14 01:00,22.3,,91,
119,수원,2025-07-14 02:00,22.1,,91,
119,수원,2025-07-14 03:00,22.1,,89,
119,수원,2025-07-14 04:00,21.4,,92,
119,수원,2025-07-14 05:00,21.1,,94,
119,수원,2025-07-14 06:00,21.3,,93,
119,수원,2025-07-14 07:00,22.5,,87,
119,수원,2025-07-14 08:00,23.8,,80,
119,수원,2025-07-14 09:00,25.3,,70,
119,수원,2025-07-14 10:00,26.3,,69,
119,수원,2025-07-14 11:00,26.9,,65,
119,수원,2025-07-14 12:00,27.8,,62,
119,수원,2025-07-14 13:00,28.8,,63,
119,수원,2025-07-14 14:00,27.4,,59,
119,수원,2025-07-14 15:00,23.4,.4,83,
119,수원,2025-07-14 16:00,22.4,.8,89,
119,수원,2025-07-14 17:00,22,2.5,92,
119,수원,2025-07-14 18:00,21.9,2.2,93,
119,수원,2025-07-14 19:00,22,1.8,95,
119,수원,2025-07-14 20:00,21.7,1.9,95,
119,수원,2025-07-14 21:00,21.4,.8,95,
119,수원,2025-07-14 22:00,21.5,0,93,
119,수원,2025-07-14 23:00,21,2.7,95,
119,수원,2025-07-15 00:00,20.7,3.2,95,
119,수원,2025-07-15 01:00,20.6,1.3,96,
119,수원,2025-07-15 02:00,20.9,.6,95,
119,수원,2025-07-15 03:00,20.9,.6,94,
119,수원,2025-07-15 04:00,20.9,.1,93,
119,수원,2025-07-15 05:00,20.8,0,94,
119,수원,2025-07-15 06:00,20.9,0,93,
119,수원,2025-07-15 07:00,20.8,.2,91,
119,수원,2025-07-15 08:00,20.9,0,93,
119,수원,2025-07-15 09:00,21.6,1.2,92,
119,수원,2025-07-15 10:00,22.3,,87,
119,수원,2025-07-15 11:00,22.9,,85,
119,수원,2025-07-15 12:00,22.8,0,85,
119,수원,2025-07-15 13:00,23.3,0,84,
119,수원,2025-07-15 14:00,22.4,.5,89,
119,수원,2025-07-15 15:00,22.4,.5,93,
119,수원,2025-07-15 16:00,23,.2,88,
119,수원,2025-07-15 17:00,23.4,,85,
119,수원,2025-07-15 18:00,23.8,,81,
119,수원,2025-07-15 19:00,23.5,,79,
119,수원,2025-07-15 20:00,22.9,,83,
119,수원,2025-07-15 21:00,23,,83,
119,수원,2025-07-15 22:00,23,,85,
119,수원,2025-07-15 23:00,22.8,,88,
119,수원,2025-07-16 00:00,22.9,,89,
119,수원,2025-07-16 01:00,22.7,,90,
119,수원,2025-07-16 02:00,22.6,,90,
119,수원,2025-07-16 03:00,22.6,,89,
119,수원,2025-07-16 04:00,22.6,0,90,
119,수원,2025-07-16 05:00,22.3,.4,92,
119,수원,2025-07-16 06:00,22.4,0,93,
119,수원,2025-07-16 07:00,22.7,0,92,
119,수원,2025-07-16 08:00,23.4,,90,
119,수원,2025-07-16 09:00,24.3,,84,
119,수원,2025-07-16 10:00,24.3,,84,
119,수원,2025-07-16 11:00,24.4,,71,
119,수원,2025-07-16 12:00,24,0,71,
119,수원,2025-07-16 13:00,23.2,.2,84,
119,수원,2025-07-16 14:00,22.5,1,89,
119,수원,2025-07-16 15:00,21.9,2.3,94,
119,수원,2025-07-16 16:00,21.6,5.8,94,
119,수원,2025-07-16 17:00,21.6,6,95,
119,수원,2025-07-16 18:00,21.5,8.6,96,
119,수원,2025-07-16 19:00,21.6,16.4,95,
119,수원,2025-07-16 20:00,22,.4,93,
119,수원,2025-07-16 21:00,22.2,.6,91,
119,수원,2025-07-16 22:00,22.3,,90,
119,수원,2025-07-16 23:00,22.3,.5,92,
119,수원,2025-07-17 00:00,22.3,1.1,94,
119,수원,2025-07-17 01:00,22.5,.8,94,
119,수원,2025-07-17 02:00,22.3,4,95,
119,수원,2025-07-17 03:00,22,3.3,95,
119,수원,2025-07-17 04:00,21.7,11.9,97,
119,수원,2025-07-17 05:00,22.2,6.5,96,
119,수원,2025-07-17 06:00,22.2,.2,95,
119,수원,2025-07-17 07:00,21.8,9.9,96,
119,수원,2025-07-17 08:00,21.8,9.9,97,
119,수원,2025-07-17 09:00,21.6,15,96,
119,수원,2025-07-17 10:00,21.8,4.9,94,
119,수원,2025-07-17 11:00,22.5,,90,
119,수원,2025-07-17 12:00,22.9,0,87,
119,수원,2025-07-17 13:00,22.8,.7,89,
119,수원,2025-07-17 14:00,22.9,0,91,
119,수원,2025-07-17 15:00,24.4,.2,86,
119,수원,2025-07-17 16:00,24.5,,84,
119,수원,2025-07-17 17:00,24,0,87,
119,수원,2025-07-17 18:00,23.5,.2,90,
119,수원,2025-07-17 19:00,23.3,.3,92,
119,수원,2025-07-17 20:00,23.2,0,90,
119,수원,2025-07-17 21:00,23.2,.2,90,
119,수원,2025-07-17 22:00,23.5,.1,89,
119,수원,2025-07-17 23:00,23.7,,88,
119,수원,2025-07-18 00:00,23.5,,88,
119,수원,2025-07-18 01:00,23.2,,89,
119,수원,2025-07-18 02:00,22.9,,91,
119,수원,2025-07-18 03:00,22.8,,91,
119,수원,2025-07-18 04:00,22.5,,93,
119,수원,2025-07-18 05:00,22.6,,92,
119,수원,2025-07-18 06:00,22.8,,90,
119,수원,2025-07-18 07:00,23.1,,88,
119,수원,2025-07-18 08:00,23.2,,88,
119,수원,2025-07-18 09:00,23.7,.1,86,
119,수원,2025-07-18 10:00,24,.6,88,
119,수원,2025-07-18 11:00,25.6,,75,
119,수원,2025-07-18 12:00,26.5,,76,
119,수원,2025-07-18 13:00,27.3,,73,
119,수원,2025-07-18 14:00,27,,73,
119,수원,2025-07-18 15:00,26.9,,76,
119,수원,2025-07-18 16:00,27.4,,75,
119,수원,2025-07-18 17:00,27.6,,72,
119,수원,2025-07-18 18:00,27.8,,71,
119,수원,2025-07-18 19:00,27.3,,74,
119,수원,2025-07-18 20:00,26.6,,79,
119,수원,2025-07-18 21:00,26.1,,83,
119,수원,2025-07-18 22:00,26,,84,
119,수원,2025-07-18 23:00,25.3,,88,
119,수원,2025-07-19 00:00,25.6,0,86,
119,수원,2025-07-19 01:00,25.3,0,88,
119,수원,2025-07-19 02:00,25,0,89,
119,수원,2025-07-19 03:00,21.4,13.1,92,
119,수원,2025-07-19 04:00,20.9,9.3,96,
119,수원,2025-07-19 05:00,21.4,3.1,97,
119,수원,2025-07-19 06:00,22,.2,95,
119,수원,2025-07-19 07:00,22.5,.1,95,
119,수원,2025-07-19 08:00,23.5,.6,96,
119,수원,2025-07-19 09:00,23.9,1,93,
119,수원,2025-07-19 10:00,24.1,.2,93,
119,수원,2025-07-19 11:00,24,.3,93,
119,수원,2025-07-19 12:00,25,0,90,
119,수원,2025-07-19 13:00,25.3,0,89,
119,수원,2025-07-19 14:00,25.9,,87,
119,수원,2025-07-19 15:00,25.5,0,86,
119,수원,2025-07-19 16:00,26.7,,82,
119,수원,2025-07-19 17:00,26.4,0,85,
119,수원,2025-07-19 18:00,26.2,.1,88,
119,수원,2025-07-19 19:00,26.2,,86,
119,수원,2025-07-19 20:00,25.3,.3,91,
119,수원,2025-07-19 21:00,25,6.8,94,
119,수원,2025-07-19 22:00,25.1,.9,95,
119,수원,2025-07-19 23:00,25.3,9.6,95,
119,수원,2025-07-20 00:00,25.4,1.4,94,
119,수원,2025-07-20 01:00,25.1,1.4,96,
119,수원,2025-07-20 02:00,24.9,.2,94,
119,수원,2025-07-20 03:00,24.6,.4,93,
119,수원,2025-07-20 04:00,24.4,1.2,93,
119,수원,2025-07-20 05:00,24.4,0,93,
119,수원,2025-07-20 06:00,24.3,,92,
119,수원,2025-07-20 07:00,24.5,,92,
119,수원,2025-07-20 08:00,25,,91,
119,수원,2025-07-20 09:00,26.1,,85,
119,수원,2025-07-20 10:00,27,,81,
119,수원,2025-07-20 11:00,27.8,,78,
119,수원,2025-07-20 12:00,28.2,,75,
119,수원,2025-07-20 13:00,29,,71,
119,수원,2025-07-20 14:00,30.4,,66,
119,수원,2025-07-20 15:00,30.4,,65,
119,수원,2025-07-20 16:00,30.5,,65,
119,수원,2025-07-20 17:00,31.2,,64,
119,수원,2025-07-20 18:00,31.2,,62,
119,수원,2025-07-20 19:00,30.4,,66,
119,수원,2025-07-20 20:00,28.3,,75,
119,수원,2025-07-20 21:00,27,,81,
119,수원,2025-07-20 22:00,26.6,,84,
119,수원,2025-07-20 23:00,26,,86,
119,수원,2025-07-21 00:00,25.8,,88,
119,수원,2025-07-21 01:00,25.2,,90,
119,수원,2025-07-21 02:00,24.6,,92,
119,수원,2025-07-21 03:00,24.5,,94,
119,수원,2025-07-21 04:00,24.2,,95,
119,수원,2025-07-21 05:00,24,,96,
119,수원,2025-07-21 06:00,24.5,,96,
119,수원,2025-07-21 07:00,24.9,.5,94,
119,수원,2025-07-21 08:00,25.7,0,90,
119,수원,2025-07-21 09:00,26.5,0,83,
119,수원,2025-07-21 10:00,28.3,,77,
119,수원,2025-07-21 11:00,29.1,0,74,
119,수원,2025-07-21 12:00,30.4,0,67,
119,수원,2025-07-21 13:00,30.8,,67,
119,수원,2025-07-21 14:00,31,0,68,
119,수원,2025-07-21 15:00,30.6,0,68,
119,수원,2025-07-21 16:00,31.1,,66,
119,수원,2025-07-21 17:00,29.9,,71,
119,수원,2025-07-21 18:00,30.2,,73,
119,수원,2025-07-21 19:00,29.3,,74,
119,수원,2025-07-21 20:00,27.8,,81,
119,수원,2025-07-21 21:00,26.8,,86,
119,수원,2025-07-21 22:00,26.2,,89,
119,수원,2025-07-21 23:00,25.7,,91,
119,수원,2025-07-22 00:00,25.8,,91,
119,수원,2025-07-22 01:00,25.5,,92,
119,수원,2025-07-22 02:00,25.5,,92,
119,수원,2025-07-22 03:00,25.4,,93,
119,수원,2025-07-22 04:00,25.4,,92,
119,수원,2025-07-22 05:00,25.3,,92,
119,수원,2025-07-22 06:00,25,,94,
119,수원,2025-07-22 07:00,26.1,,92,
119,수원,2025-07-22 08:00,26.8,,86,
119,수원,2025-07-22 09:00,27.8,,83,
119,수원,2025-07-22 10:00,29,,75,
119,수원,2025-07-22 11:00,30,,70,
119,수원,2025-07-22 12:00,30.9,,64,
119,수원,2025-07-22 13:00,29.9,.2,77,
119,수원,2025-07-22 14:00,28.4,2.9,84,
119,수원,2025-07-22 15:00,30.8,0,69,
119,수원,2025-07-22 16:00,30.5,,66,
119,수원,2025-07-22 17:00,30.4,,69,
119,수원,2025-07-22 18:00,30.1,,67,
119,수원,2025-07-22 19:00,29.6,,69,
119,수원,2025-07-22 20:00,27.7,,78,
119,수원,2025-07-22 21:00,26.6,,85,
119,수원,2025-07-22 22:00,25.8,,90,
119,수원,2025-07-22 23:00,25.5,,92,
119,수원,2025-07-23 00:00,25.2,,93,
119,수원,2025-07-23 01:00,25,,93,
119,수원,2025-07-23 02:00,24.5,,95,
119,수원,2025-07-23 03:00,24.3,,96,
119,수원,2025-07-23 04:00,24.1,,96,
119,수원,2025-07-23 05:00,24.1,,97,
119,수원,2025-07-23 06:00,24.2,,97,
119,수원,2025-07-23 07:00,25.1,,95,
119,수원,2025-07-23 08:00,26.6,,87,
119,수원,2025-07-23 09:00,28.5,,77,
119,수원,2025-07-23 10:00,29.6,,68,
119,수원,2025-07-23 11:00,30,,65,
119,수원,2025-07-23 12:00,31.3,,63,
119,수원,2025-07-23 13:00,31.3,,60,
119,수원,2025-07-23 14:00,31.5,,62,
119,수원,2025-07-23 15:00,32,,60,
119,수원,2025-07-23 16:00,32.7,,56,
119,수원,2025-07-23 17:00,32.2,,56,
119,수원,2025-07-23 18:00,31.4,,60,
119,수원,2025-07-23 19:00,30.6,,60,
119,수원,2025-07-23 20:00,27.8,,74,
119,수원,2025-07-23 21:00,26.8,,77,
119,수원,2025-07-23 22:00,26.1,,80,
119,수원,2025-07-23 23:00,25.7,,83,
119,수원,2025-07-24 00:00,25.2,,86,
119,수원,2025-07-24 01:00,25.1,,86,
119,수원,2025-07-24 02:00,24.7,,87,
119,수원,2025-07-24 03:00,24.6,,88,
119,수원,2025-07-24 04:00,24.5,,90,
119,수원,2025-07-24 05:00,24.2,,90,
119,수원,2025-07-24 06:00,24.1,,89,
119,수원,2025-07-24 07:00,25.2,,86,
119,수원,2025-07-24 08:00,26.5,,81,
119,수원,2025-07-24 09:00,28.3,,75,
119,수원,2025-07-24 10:00,30.4,,66,
119,수원,2025-07-24 11:00,31.2,,64,
119,수원,2025-07-24 12:00,31.3,,61,
119,수원,2025-07-24 13:00,31.9,,59,
119,수원,2025-07-24 14:00,32.7,,56,
119,수원,2025-07-24 15:00,33.4,,48,
119,수원,2025-07-24 16:00,33.4,,55,
119,수원,2025-07-24 17:00,32.3,,59,
119,수원,2025-07-24 18:00,31.9,,59,
119,수원,2025-07-24 19:00,30.7,,62,
119,수원,2025-07-24 20:00,28.2,,72,
119,수원,2025-07-24 21:00,27.4,,75,
119,수원,2025-07-24 22:00,26.7,,79,
119,수원,2025-07-24 23:00,25.9,,83,
119,수원,2025-07-25 00:00,25.7,,85,
119,수원,2025-07-25 01:00,25.1,,88,
119,수원,2025-07-25 02:00,24.8,,89,
119,수원,2025-07-25 03:00,24.6,,90,
119,수원,2025-07-25 04:00,24.3,,91,
119,수원,2025-07-25 05:00,24.1,,92,
119,수원,2025-07-25 06:00,24.1,,93,
119,수원,2025-07-25 07:00,26.6,,84,
119,수원,2025-07-25 08:00,29.2,,71,
119,수원,2025-07-25 09:00,30.4,,66,
119,수원,2025-07-25 10:00,31.7,,63,
119,수원,2025-07-25 11:00,32.9,,54,
119,수원,2025-07-25 12:00,33.6,,56,
119,수원,2025-07-25 13:00,34.7,,52,
119,수원,2025-07-25 14:00,34.7,,48,
119,수원,2025-07-25 15:00,34.8,,48,
119,수원,2025-07-25 16:00,35.5,,43,
119,수원,2025-07-25 17:00,35,,53,
119,수원,2025-07-25 18:00,33.4,,60,
119,수원,2025-07-25 19:00,31.6,,66,
119,수원,2025-07-25 20:00,29.9,,70,
119,수원,2025-07-25 21:00,29,,72,
119,수원,2025-07-25 22:00,28.4,,75,
119,수원,2025-07-25 23:00,27.8,,78,
119,수원,2025-07-26 00:00,27.4,,81,
119,수원,2025-07-26 01:00,26.9,,84,
119,수원,2025-07-26 02:00,26.5,,85,
119,수원,2025-07-26 03:00,26.2,,87,
119,수원,2025-07-26 04:00,26.3,,86,
119,수원,2025-07-26 05:00,27,,79,
119,수원,2025-07-26 06:00,27.3,,76,
119,수원,2025-07-26 07:00,28.8,,70,
119,수원,2025-07-26 08:00,29.9,,65,
119,수원,2025-07-26 09:00,30.6,,61,
119,수원,2025-07-26 10:00,32.1,,58,
119,수원,2025-07-26 11:00,32.7,,57,
119,수원,2025-07-26 12:00,33.6,,53,
119,수원,2025-07-26 13:00,34.5,,51,
119,수원,2025-07-26 14:00,34.6,,46,
119,수원,2025-07-26 15:00,35.4,,45,
119,수원,2025-07-26 16:00,35.8,,43,
119,수원,2025-07-26 17:00,35.5,,47,
119,수원,2025-07-26 18:00,35.2,,48,
119,수원,2025-07-26 19:00,33.4,,59,
119,수원,2025-07-26 20:00,30.9,,72,
119,수원,2025-07-26 21:00,29.9,,76,
119,수원,2025-07-26 22:00,29.2,,79,
119,수원,2025-07-26 23:00,28.8,,82,
119,수원,2025-07-27 00:00,28.2,,85,
119,수원,2025-07-27 01:00,27.6,,87,
119,수원,2025-07-27 02:00,27.5,,84,
119,수원,2025-07-27 03:00,28.1,,78,
119,수원,2025-07-27 04:00,28.4,,74,
119,수원,2025-07-27 05:00,28.1,,73,
119,수원,2025-07-27 06:00,27.9,,74,
119,수원,2025-07-27 07:00,29.2,,67,
119,수원,2025-07-27 08:00,30.2,,63,
119,수원,2025-07-27 09:00,30.9,,57,
119,수원,2025-07-27 10:00,32,,58,
119,수원,2025-07-27 11:00,32.5,,53,
119,수원,2025-07-27 12:00,33.2,,53,
119,수원,2025-07-27 13:00,34.1,,52,
119,수원,2025-07-27 14:00,34.8,,50,
119,수원,2025-07-27 15:00,35.4,,46,
119,수원,2025-07-27 16:00,35.7,,47,
119,수원,2025-07-27 17:00,34.7,,55,
119,수원,2025-07-27 18:00,33.8,,57,
119,수원,2025-07-27 19:00,31.8,,61,
119,수원,2025-07-27 20:00,29.4,,72,
119,수원,2025-07-27 21:00,28.8,,76,
119,수원,2025-07-27 22:00,28.1,,79,
119,수원,2025-07-27 23:00,27.8,,80,
119,수원,2025-07-28 00:00,27.2,,82,
119,수원,2025-07-28 01:00,26.7,,84,
119,수원,2025-07-28 02:00,26.7,,84,
119,수원,2025-07-28 03:00,26.3,,86,
119,수원,2025-07-28 04:00,26.1,,87,
119,수원,2025-07-28 05:00,26,,88,
119,수원,2025-07-28 06:00,25.8,,89,
119,수원,2025-07-28 07:00,27.3,,84,
119,수원,2025-07-28 08:00,29,,76,
119,수원,2025-07-28 09:00,30.5,,71,
119,수원,2025-07-28 10:00,31.6,,66,
119,수원,2025-07-28 11:00,33.1,,56,
119,수원,2025-07-28 12:00,33.7,,57,
119,수원,2025-07-28 13:00,34.1,,53,
119,수원,2025-07-28 14:00,34.2,,53,
119,수원,2025-07-28 15:00,34.3,,53,
119,수원,2025-07-28 16:00,34.1,,53,
119,수원,2025-07-28 17:00,32.8,,57,
119,수원,2025-07-28 18:00,31.8,,63,
119,수원,2025-07-28 19:00,30,,67,
119,수원,2025-07-28 20:00,28,,73,
119,수원,2025-07-28 21:00,27.2,,75,
119,수원,2025-07-28 22:00,26.6,,78,
119,수원,2025-07-28 23:00,26.3,,78,
119,수원,2025-07-29 00:00,26.2,,78,
119,수원,2025-07-29 01:00,25.9,,81,
119,수원,2025-07-29 02:00,25.5,,84,
119,수원,2025-07-29 03:00,25.3,,86,
119,수원,2025-07-29 04:00,25.2,,87,
119,수원,2025-07-29 05:00,25.1,,88,
119,수원,2025-07-29 06:00,25.6,,86,
119,수원,2025-07-29 07:00,27,,81,
119,수원,2025-07-29 08:00,28.8,,75,
119,수원,2025-07-29 09:00,31.4,,68,
119,수원,2025-07-29 10:00,32.3,,65,
119,수원,2025-07-29 11:00,33.4,,62,
119,수원,2025-07-29 12:00,33.9,,54,
119,수원,2025-07-29 13:00,34.8,,53,
119,수원,2025-07-29 14:00,34.1,,58,
119,수원,2025-07-29 15:00,34.5,,57,
119,수원,2025-07-29 16:00,34.9,,54,
119,수원,2025-07-29 17:00,34.6,,54,
119,수원,2025-07-29 18:00,33.7,,54,
119,수원,2025-07-29 19:00,31.9,,57,
119,수원,2025-07-29 20:00,29.9,,64,
119,수원,2025-07-29 21:00,29,,68,
119,수원,2025-07-29 22:00,28.1,,73,
119,수원,2025-07-29 23:00,27.6,,76,
119,수원,2025-07-30 00:00,27.3,,78,
119,수원,2025-07-30 01:00,27.1,,77,
119,수원,2025-07-30 02:00,26.4,,81,
119,수원,2025-07-30 03:00,26.1,,81,
119,수원,2025-07-30 04:00,25.8,,84,
119,수원,2025-07-30 05:00,25.7,,84,
119,수원,2025-07-30 06:00,25.9,,85,
119,수원,2025-07-30 07:00,27.2,,77,
119,수원,2025-07-30 08:00,28.9,,69,
119,수원,2025-07-30 09:00,30.1,,67,
119,수원,2025-07-30 10:00,31.6,,62,
119,수원,2025-07-30 11:00,32.5,,60,
119,수원,2025-07-30 12:00,32.6,,59,
119,수원,2025-07-30 13:00,33.6,,52,
119,수원,2025-07-30 14:00,33.5,,51,
119,수원,2025-07-30 15:00,34.5,,42,
119,수원,2025-07-30 16:00,35.1,,40,
119,수원,2025-07-30 17:00,33.8,,44,
119,수원,2025-07-30 18:00,33.6,,45,
119,수원,2025-07-30 19:00,33,,46,
119,수원,2025-07-30 20:00,32.1,,49,
119,수원,2025-07-30 21:00,30.2,,69,
119,수원,2025-07-30 22:00,29.3,,72,
119,수원,2025-07-30 23:00,29,,74,
119,수원,2025-07-31 00:00,28.7,0,76,
119,수원,2025-07-31 01:00,29.7,,62,
119,수원,2025-07-31 02:00,29.7,,63,
119,수원,2025-07-31 03:00,29.3,,66,
119,수원,2025-07-31 04:00,29,,67,
119,수원,2025-07-31 05:00,28.8,,67,
119,수원,2025-07-31 06:00,28.4,,69,
119,수원,2025-07-31 07:00,28.3,,68,
119,수원,2025-07-31 08:00,28.9,,67,
119,수원,2025-07-31 09:00,29.4,,62,
119,수원,2025-07-31 10:00,30.8,,57,
119,수원,2025-07-31 11:00,31.3,,59,
119,수원,2025-07-31 12:00,32.1,,58,
119,수원,2025-07-31 13:00,32.6,,54,
119,수원,2025-07-31 14:00,33.4,,47,
119,수원,2025-07-31 15:00,33.5,,49,
119,수원,2025-07-31 16:00,33.5,,50,
119,수원,2025-07-31 17:00,33.4,,46,
119,수원,2025-07-31 18:00,32.7,,47,
119,수원,2025-07-31 19:00,31.4,,48,
119,수원,2025-07-31 20:00,29.5,,68,
119,수원,2025-07-31 21:00,28.5,,70,
119,수원,2025-07-31 22:00,28,,74,
119,수원,2025-07-31 23:00,27.8,,75,
119,수원,2025-08-01 00:00,27.3,,77,
119,수원,2025-08-01 01:00,27.2,,76,
119,수원,2025-08-01 02:00,26.8,,79,
119,수원,2025-08-01 03:00,26.5,,79,
119,수원,2025-08-01 04:00,26.3,,80,
119,수원,2025-08-01 05:00,25.7,,83,
119,수원,2025-08-01 06:00,25.5,,82,
119,수원,2025-08-01 07:00,26.7,,78,
119,수원,2025-08-01 08:00,29.7,,67,
119,수원,2025-08-01 09:00,30.3,,64,
119,수원,2025-08-01 10:00,31.5,,62,
119,수원,2025-08-01 11:00,32.7,,60,
119,수원,2025-08-01 12:00,33.2,,56,
119,수원,2025-08-01 13:00,33.5,,52,
119,수원,2025-08-01 14:00,33.7,,51,
119,수원,2025-08-01 15:00,34,,52,
119,수원,2025-08-01 16:00,33.8,,55,
119,수원,2025-08-01 17:00,32.8,,60,
119,수원,2025-08-01 18:00,31,,66,
119,수원,2025-08-01 19:00,30.2,,69,
119,수원,2025-08-01 20:00,29.6,,67,
119,수원,2025-08-01 21:00,28.2,,76,
119,수원,2025-08-01 22:00,27.7,,81,
119,수원,2025-08-01 23:00,27.4,,81,
119,수원,2025-08-02 00:00,26.8,,84,
119,수원,2025-08-02 01:00,26.6,,87,
119,수원,2025-08-02 02:00,26.5,,87,
119,수원,2025-08-02 03:00,26.4,,86,
119,수원,2025-08-02 04:00,26.2,,87,
119,수원,2025-08-02 05:00,25.9,,89,
119,수원,2025-08-02 06:00,26,,90,
119,수원,2025-08-02 07:00,26.6,,88,
119,수원,2025-08-02 08:00,28.3,,79,
119,수원,2025-08-02 09:00,30,,74,
119,수원,2025-08-02 10:00,31,,63,
119,수원,2025-08-02 11:00,31.9,,58,
119,수원,2025-08-02 12:00,32.3,,59,
119,수원,2025-08-02 13:00,32.5,,58,
119,수원,2025-08-02 14:00,34.3,,48,
119,수원,2025-08-02 15:00,34.2,,54,
119,수원,2025-08-02 16:00,34.3,,52,
119,수원,2025-08-02 17:00,33.5,,54,
119,수원,2025-08-02 18:00,32.8,,57,
119,수원,2025-08-02 19:00,31.8,,53,
119,수원,2025-08-02 20:00,29.2,,65,
119,수원,2025-08-02 21:00,27.9,,72,
119,수원,2025-08-02 22:00,27.2,,76,
119,수원,2025-08-02 23:00,26.9,,82,
119,수원,2025-08-03 00:00,26.2,,83,
119,수원,2025-08-03 01:00,26.1,,84,
119,수원,2025-08-03 02:00,25.8,,83,
119,수원,2025-08-03 03:00,25.6,,86,
119,수원,2025-08-03 04:00,25.2,,87,
119,수원,2025-08-03 05:00,25,,89,
119,수원,2025-08-03 06:00,25,,88,
119,수원,2025-08-03 07:00,25.8,,84,
119,수원,2025-08-03 08:00,27,,82,
119,수원,2025-08-03 09:00,28,,77,
119,수원,2025-08-03 10:00,30,,63,
119,수원,2025-08-03 11:00,30.2,,61,
119,수원,2025-08-03 12:00,30.8,,60,
119,수원,2025-08-03 13:00,31.1,,61,
119,수원,2025-08-03 14:00,31.2,,60,
119,수원,2025-08-03 15:00,30.5,,65,
119,수원,2025-08-03 16:00,29.8,0,70,
119,수원,2025-08-03 17:00,27.6,0,74,
119,수원,2025-08-03 18:00,26,1.1,84,
119,수원,2025-08-03 19:00,25.4,.8,91,
119,수원,2025-08-03 20:00,26.1,0,79,
119,수원,2025-08-03 21:00,25.4,0,68,
119,수원,2025-08-03 22:00,23.7,.9,85,
119,수원,2025-08-03 23:00,23.5,1.3,91,
119,수원,2025-08-04 00:00,23.4,2.6,95,
119,수원,2025-08-04 01:00,23.6,1.3,94,
119,수원,2025-08-04 02:00,23.4,3,95,
119,수원,2025-08-04 03:00,23.7,1.3,94,
119,수원,2025-08-04 04:00,24,,91,
119,수원,2025-08-04 05:00,24.1,,91,
119,수원,2025-08-04 06:00,24.1,,91,
119,수원,2025-08-04 07:00,23.9,.1,93,
119,수원,2025-08-04 08:00,24.3,0,90,
119,수원,2025-08-04 09:00,25.1,.1,88,
119,수원,2025-08-04 10:00,26.5,,83,
119,수원,2025-08-04 11:00,28.2,,75,
119,수원,2025-08-04 12:00,29.4,,68,
119,수원,2025-08-04 13:00,29.7,,70,
119,수원,2025-08-04 14:00,30,,68,
119,수원,2025-08-04 15:00,30.4,,70,
119,수원,2025-08-04 16:00,31.1,,66,
119,수원,2025-08-04 17:00,30.9,,66,
119,수원,2025-08-04 18:00,29.3,,73,
119,수원,2025-08-04 19:00,27.8,,74,
119,수원,2025-08-04 20:00,26.8,,73,
119,수원,2025-08-04 21:00,26.3,,74,
119,수원,2025-08-04 22:00,25.9,,78,
119,수원,2025-08-04 23:00,25.7,,80,
119,수원,2025-08-05 00:00,25,,86,
119,수원,2025-08-05 01:00,24.7,,88,
119,수원,2025-08-05 02:00,24.7,,90,
119,수원,2025-08-05 03:00,24.5,,91,
119,수원,2025-08-05 04:00,24.2,,90,
119,수원,2025-08-05 05:00,23.5,,92,
119,수원,2025-08-05 06:00,23.8,,92,
119,수원,2025-08-05 07:00,24.6,,88,
119,수원,2025-08-05 08:00,25.2,,85,
119,수원,2025-08-05 09:00,26.9,,77,
119,수원,2025-08-05 10:00,28.1,,72,
119,수원,2025-08-05 11:00,29.8,,64,
119,수원,2025-08-05 12:00,30.4,,60,
119,수원,2025-08-05 13:00,30.9,,61,
119,수원,2025-08-05 14:00,31.1,,60,
119,수원,2025-08-05 15:00,31.4,,61,
119,수원,2025-08-05 16:00,31.5,,61,
119,수원,2025-08-05 17:00,30.7,,63,
119,수원,2025-08-05 18:00,29.7,,67,
119,수원,2025-08-05 19:00,28.4,,72,
119,수원,2025-08-05 20:00,27.8,,76,
119,수원,2025-08-05 21:00,26.6,,83,
119,수원,2025-08-05 22:00,26.4,,84,
119,수원,2025-08-05 23:00,26.5,,84,
119,수원,2025-08-06 00:00,26.1,,86,
119,수원,2025-08-06 01:00,26.3,,86,
119,수원,2025-08-06 02:00,26.6,0,86,
119,수원,2025-08-06 03:00,26,.3,92,
119,수원,2025-08-06 04:00,26.7,,90,
119,수원,2025-08-06 05:00,26.8,,89,
119,수원,2025-08-06 06:00,26.9,,89,
119,수원,2025-08-06 07:00,27.1,,88,
119,수원,2025-08-06 08:00,27.1,2.4,91,
119,수원,2025-08-06 09:00,27.7,.1,86,
119,수원,2025-08-06 10:00,28.3,.1,86,
119,수원,2025-08-06 11:00,29.6,,78,
119,수원,2025-08-06 12:00,28.5,0,83,
119,수원,2025-08-06 13:00,28.8,0,81,
119,수원,2025-08-06 14:00,28.1,.1,85,
119,수원,2025-08-06 15:00,27.2,.4,91,
119,수원,2025-08-06 16:00,26.8,1,91,
119,수원,2025-08-06 17:00,26.5,.2,89,
119,수원,2025-08-06 18:00,26.5,,90,
119,수원,2025-08-06 19:00,26.5,,90,
119,수원,2025-08-06 20:00,25.9,,89,
119,수원,2025-08-06 21:00,25.1,,93,
119,수원,2025-08-06 22:00,24.7,,91,
119,수원,2025-08-06 23:00,24.5,,92,
119,수원,2025-08-07 00:00,24.5,,90,
119,수원,2025-08-07 01:00,24.4,,92,
119,수원,2025-08-07 02:00,24.6,,94,
119,수원,2025-08-07 03:00,25,,92,
119,수원,2025-08-07 04:00,24.8,,93,
119,수원,2025-08-07 05:00,24.7,,93,
119,수원,2025-08-07 06:00,24.5,,94,
119,수원,2025-08-07 07:00,24.9,,93,
119,수원,2025-08-07 08:00,26,,88,
119,수원,2025-08-07 09:00,27.7,,82,
119,수원,2025-08-07 10:00,28,,76,
119,수원,2025-08-07 11:00,28.9,,68,
119,수원,2025-08-07 12:00,29.3,,64,
119,수원,2025-08-07 13:00,30.2,,63,
119,수원,2025-08-07 14:00,30.7,,60,
119,수원,2025-08-07 15:00,30.6,,58,
119,수원,2025-08-07 16:00,30.2,,57,
119,수원,2025-08-07 17:00,29.9,,61,
119,수원,2025-08-07 18:00,29.4,,58,
119,수원,2025-08-07 19:00,27.4,,71,
119,수원,2025-08-07 20:00,25.5,,79,
119,수원,2025-08-07 21:00,24.9,,81,
119,수원,2025-08-07 22:00,24.5,,83,
119,수원,2025-08-07 23:00,24.1,,86,
119,수원,2025-08-08 00:00,23.9,,85,
119,수원,2025-08-08 01:00,23.4,,87,
119,수원,2025-08-08 02:00,23.1,,88,
119,수원,2025-08-08 03:00,22.5,,90,
119,수원,2025-08-08 04:00,22.4,,91,
119,수원,2025-08-08 05:00,22.7,,91,
119,수원,2025-08-08 06:00,23,,91,
119,수원,2025-08-08 07:00,23.5,,90,
119,수원,2025-08-08 08:00,24.5,,84,
119,수원,2025-08-08 09:00,26,,78,
119,수원,2025-08-08 10:00,26.7,,73,
119,수원,2025-08-08 11:00,27,,73,
119,수원,2025-08-08 12:00,28.4,,63,
119,수원,2025-08-08 13:00,28.6,,60,
119,수원,2025-08-08 14:00,29.8,,54,
119,수원,2025-08-08 15:00,30.4,,59,
119,수원,2025-08-08 16:00,30.4,,59,
119,수원,2025-08-08 17:00,29.8,,56,
119,수원,2025-08-08 18:00,27.7,,60,
119,수원,2025-08-08 19:00,26.7,,63,
119,수원,2025-08-08 20:00,25.7,,72,
119,수원,2025-08-08 21:00,25,,76,
119,수원,2025-08-08 22:00,24.2,,82,
119,수원,2025-08-08 23:00,24.1,,83,
119,수원,2025-08-09 00:00,24.2,,86,
119,수원,2025-08-09 01:00,23.9,,86,
119,수원,2025-08-09 02:00,23.9,,87,
119,수원,2025-08-09 03:00,24.1,,86,
119,수원,2025-08-09 04:00,24.2,0,86,
119,수원,2025-08-09 05:00,24,0,86,
119,수원,2025-08-09 06:00,23.9,0,86,
119,수원,2025-08-09 07:00,24.2,0,87,
119,수원,2025-08-09 08:00,24.6,.2,86,
119,수원,2025-08-09 09:00,25.1,.2,81,
119,수원,2025-08-09 10:00,25.6,0,80,
119,수원,2025-08-09 11:00,26.2,,74,
119,수원,2025-08-09 12:00,26.8,0,67,
119,수원,2025-08-09 13:00,26.5,0,68,
119,수원,2025-08-09 14:00,26.4,0,69,
119,수원,2025-08-09 15:00,26.1,,63,
119,수원,2025-08-09 16:00,26.4,,56,
119,수원,2025-08-09 17:00,26.7,,57,
119,수원,2025-08-09 18:00,26.2,,64,
119,수원,2025-08-09 19:00,26.2,,62,
119,수원,2025-08-09 20:00,25,,67,
119,수원,2025-08-09 21:00,24,,69,
119,수원,2025-08-09 22:00,22.5,,82,
119,수원,2025-08-09 23:00,21.9,,87,
119,수원,2025-08-10 00:00,21.4,,89,
119,수원,2025-08-10 01:00,21.5,,90,
119,수원,2025-08-10 02:00,21.4,,90,
119,수원,2025-08-10 03:00,20.9,,92,
119,수원,2025-08-10 04:00,20.5,,94,
119,수원,2025-08-10 05:00,20.2,,94,
119,수원,2025-08-10 06:00,20.3,,95,
119,수원,2025-08-10 07:00,22.2,,91,
119,수원,2025-08-10 08:00,23.6,,79,
119,수원,2025-08-10 09:00,25.2,,70,
119,수원,2025-08-10 10:00,27.9,,60,
119,수원,2025-08-10 11:00,28.6,,53,
119,수원,2025-08-10 12:00,30.3,,49,
119,수원,2025-08-10 13:00,30.8,,49,
119,수원,2025-08-10 14:00,31.2,,47,
119,수원,2025-08-10 15:00,32.1,,45,
119,수원,2025-08-10 16:00,31.8,,53,
119,수원,2025-08-10 17:00,31.2,,58,
119,수원,2025-08-10 18:00,29,,64,
119,수원,2025-08-10 19:00,27.7,,70,
119,수원,2025-08-10 20:00,26.6,,75,
119,수원,2025-08-10 21:00,25.5,,81,
119,수원,2025-08-10 22:00,24.8,,83,
119,수원,2025-08-10 23:00,24.4,,85,
119,수원,2025-08-11 00:00,24.1,,87,
119,수원,2025-08-11 01:00,23.7,,88,
119,수원,2025-08-11 02:00,23.4,,91,
119,수원,2025-08-11 03:00,23.5,,91,
119,수원,2025-08-11 04:00,23.5,,91,
119,수원,2025-08-11 05:00,23.6,,90,
119,수원,2025-08-11 06:00,23.7,,89,
119,수원,2025-08-11 07:00,24.5,,86,
119,수원,2025-08-11 08:00,24.9,,84,
119,수원,2025-08-11 09:00,25.7,,77,
119,수원,2025-08-11 10:00,26.6,,73,
119,수원,2025-08-11 11:00,27.6,,69,
119,수원,2025-08-11 12:00,26.8,,74,
119,수원,2025-08-11 13:00,27,,73,
119,수원,2025-08-11 14:00,27.4,0,70,
119,수원,2025-08-11 15:00,27.9,0,68,
119,수원,2025-08-11 16:00,27.4,,73,
119,수원,2025-08-11 17:00,26.9,,76,
119,수원,2025-08-11 18:00,26.9,,76,
119,수원,2025-08-11 19:00,26.7,,77,
119,수원,2025-08-11 20:00,25.7,,82,
119,수원,2025-08-11 21:00,25,,84,
119,수원,2025-08-11 22:00,24.3,,86,
119,수원,2025-08-11 23:00,23.5,,90,
119,수원,2025-08-12 00:00,23,,93,
119,수원,2025-08-12 01:00,22.8,,94,
119,수원,2025-08-12 02:00,22.6,,94,
119,수원,2025-08-12 03:00,22.1,,95,
119,수원,2025-08-12 04:00,21.9,,96,
119,수원,2025-08-12 05:00,21.8,,96,
119,수원,2025-08-12 06:00,21.6,,96,
119,수원,2025-08-12 07:00,23,,94,
119,수원,2025-08-12 08:00,25.2,,82,
119,수원,2025-08-12 09:00,26.1,,75,
119,수원,2025-08-12 10:00,27.5,,67,
119,수원,2025-08-12 11:00,29,,57,
119,수원,2025-08-12 12:00,30.3,,50,
119,수원,2025-08-12 13:00,31.2,,48,
119,수원,2025-08-12 14:00,32.1,,42,
119,수원,2025-08-12 15:00,32.4,,45,
119,수원,2025-08-12 16:00,32.2,,45,
119,수원,2025-08-12 17:00,31.8,,50,
119,수원,2025-08-12 18:00,30.3,,53,
119,수원,2025-08-12 19:00,28.6,,59,
119,수원,2025-08-12 20:00,27.5,,66,
119,수원,2025-08-12 21:00,26.6,,71,
119,수원,2025-08-12 22:00,26.1,,73,
119,수원,2025-08-12 23:00,26,,73,
119,수원,2025-08-13 00:00,25.8,,74,
119,수원,2025-08-13 01:00,25.8,,76,
119,수원,2025-08-13 02:00,25.7,,76,
119,수원,2025-08-13 03:00,25.3,,79,
119,수원,2025-08-13 04:00,23.4,8.3,95,
119,수원,2025-08-13 05:00,23.4,15.1,96,
119,수원,2025-08-13 06:00,23.5,10.6,96,
119,수원,2025-08-13 07:00,24,0,96,
119,수원,2025-08-13 08:00,24.4,1.4,95,
119,수원,2025-08-13 09:00,24.6,4,95,
119,수원,2025-08-13 10:00,25,1.2,93,
119,수원,2025-08-13 11:00,26.4,0,85,
119,수원,2025-08-13 12:00,27.6,0,82,
119,수원,2025-08-13 13:00,28.3,0,79,
119,수원,2025-08-13 14:00,28.3,0,77,
119,수원,2025-08-13 15:00,28.4,,79,
119,수원,2025-08-13 16:00,28.5,0,80,
119,수원,2025-08-13 17:00,29.2,,75,
119,수원,2025-08-13 18:00,28.8,,77,
119,수원,2025-08-13 19:00,24.4,15.9,94,
119,수원,2025-08-13 20:00,23.7,2.8,93,
119,수원,2025-08-13 21:00,23.3,.3,94,
119,수원,2025-08-13 22:00,23.6,,94,
119,수원,2025-08-13 23:00,23.7,0,93,
119,수원,2025-08-14 00:00,23.6,0,94,
119,수원,2025-08-14 01:00,23.9,0,94,
119,수원,2025-08-14 02:00,24,1.3,95,
119,수원,2025-08-14 03:00,24.3,3.4,96,
119,수원,2025-08-14 04:00,24.5,.9,96,
119,수원,2025-08-14 05:00,25,1.3,97,
119,수원,2025-08-14 06:00,24.9,.9,95,
119,수원,2025-08-14 07:00,24.3,9,96,
119,수원,2025-08-14 08:00,24.5,4.9,97,
119,수원,2025-08-14 09:00,25.3,7.4,87,
119,수원,2025-08-14 10:00,25.8,0,89,
119,수원,2025-08-14 11:00,25.3,.6,90,
119,수원,2025-08-14 12:00,25.8,.2,89,
119,수원,2025-08-14 13:00,26,0,88,
119,수원,2025-08-14 14:00,26.8,0,86,
119,수원,2025-08-14 15:00,26.9,,82,
119,수원,2025-08-14 16:00,27.1,,82,
119,수원,2025-08-14 17:00,26.7,,83,
119,수원,2025-08-14 18:00,26.5,,82,
119,수원,2025-08-14 19:00,26.1,,82,
119,수원,2025-08-14 20:00,25,,89,
119,수원,2025-08-14 21:00,24.4,,91,
119,수원,2025-08-14 22:00,23.9,,94,
119,수원,2025-08-14 23:00,23.6,,95,
119,수원,2025-08-15 00:00,23.4,,96,
119,수원,2025-08-15 01:00,23.1,,96,
119,수원,2025-08-15 02:00,23,,96,
119,수원,2025-08-15 03:00,22.9,,97,
119,수원,2025-08-15 04:00,22.8,,97,
119,수원,2025-08-15 05:00,22.7,,97,
119,수원,2025-08-15 06:00,23.3,,97,
119,수원,2025-08-15 07:00,24,,97,
119,수원,2025-08-15 08:00,25.8,,87,
119,수원,2025-08-15 09:00,26.8,0,80,
119,수원,2025-08-15 10:00,25.9,3.6,92,
119,수원,2025-08-15 11:00,27.2,.1,88,
119,수원,2025-08-15 12:00,28.2,0,82,
119,수원,2025-08-15 13:00,29.3,0,76,
119,수원,2025-08-15 14:00,30.3,0,70,
119,수원,2025-08-15 15:00,29.9,,69,
119,수원,2025-08-15 16:00,30.8,,67,
119,수원,2025-08-15 17:00,30.7,,65,
119,수원,2025-08-15 18:00,30.4,,66,
119,수원,2025-08-15 19:00,28.5,,77,
119,수원,2025-08-15 20:00,27.2,,86,
119,수원,2025-08-15 21:00,26.5,,88,
119,수원,2025-08-15 22:00,25.7,,93,
119,수원,2025-08-15 23:00,25.4,,95,
119,수원,2025-08-16 00:00,25.2,,95,
119,수원,2025-08-16 01:00,24.9,,95,
119,수원,2025-08-16 02:00,24.6,,96,
119,수원,2025-08-16 03:00,24.5,,96,
119,수원,2025-08-16 04:00,24.6,,96,
119,수원,2025-08-16 05:00,24.8,,96,
119,수원,2025-08-16 06:00,24.8,,95,
119,수원,2025-08-16 07:00,25.1,,94,
119,수원,2025-08-16 08:00,26.4,,89,
119,수원,2025-08-16 09:00,27.6,,79,
119,수원,2025-08-16 10:00,28.9,,72,
119,수원,2025-08-16 11:00,29.6,,67,
119,수원,2025-08-16 12:00,30,,67,
119,수원,2025-08-16 13:00,30.7,,63,
119,수원,2025-08-16 14:00,31.1,,64,
119,수원,2025-08-16 15:00,30.9,,64,
119,수원,2025-08-16 16:00,30.6,,67,
119,수원,2025-08-16 17:00,29.7,,69,
119,수원,2025-08-16 18:00,29.7,,69,
119,수원,2025-08-16 19:00,28.3,,74,
119,수원,2025-08-16 20:00,27.1,,81,
119,수원,2025-08-16 21:00,26.3,,83,
119,수원,2025-08-16 22:00,25.6,,87,
119,수원,2025-08-16 23:00,24.9,,90,
119,수원,2025-08-17 00:00,24.3,,92,
119,수원,2025-08-17 01:00,24.4,,93,
119,수원,2025-08-17 02:00,24.2,,94,
119,수원,2025-08-17 03:00,24.7,,93,
119,수원,2025-08-17 04:00,24.7,,92,
119,수원,2025-08-17 05:00,24.4,,93,
119,수원,2025-08-17 06:00,24.4,,95,
119,수원,2025-08-17 07:00,24.6,,95,
119,수원,2025-08-17 08:00,25.6,,90,
119,수원,2025-08-17 09:00,27.3,,81,
119,수원,2025-08-17 10:00,28.8,,74,
119,수원,2025-08-17 11:00,29.5,,69,
119,수원,2025-08-17 12:00,30.5,,62,
119,수원,2025-08-17 13:00,31.1,,59,
119,수원,2025-08-17 14:00,30.7,,65,
119,수원,2025-08-17 15:00,30.4,,64,
119,수원,2025-08-17 16:00,30.2,,66,
119,수원,2025-08-17 17:00,30.4,,67,
119,수원,2025-08-17 18:00,30.2,,69,
119,수원,2025-08-17 19:00,28.8,,72,
119,수원,2025-08-17 20:00,27.8,,77,
119,수원,2025-08-17 21:00,27.1,,81,
119,수원,2025-08-17 22:00,26.7,,83,
119,수원,2025-08-17 23:00,26.1,,86,
119,수원,2025-08-18 00:00,26,,88,
119,수원,2025-08-18 01:00,26.1,,88,
119,수원,2025-08-18 02:00,25.9,,89,
119,수원,2025-08-18 03:00,26.1,0,90,
119,수원,2025-08-18 04:00,25.9,0,91,
119,수원,2025-08-18 05:00,25.9,,91,
119,수원,2025-08-18 06:00,25.9,,91,
119,수원,2025-08-18 07:00,26.2,,88,
119,수원,2025-08-18 08:00,26.8,,83,
119,수원,2025-08-18 09:00,27.8,,80,
119,수원,2025-08-18 10:00,28.9,,75,
119,수원,2025-08-18 11:00,30.3,,69,
119,수원,2025-08-18 12:00,31.2,,62,
119,수원,2025-08-18 13:00,31.8,,61,
119,수원,2025-08-18 14:00,32.2,,59,
119,수원,2025-08-18 15:00,32,,60,
119,수원,2025-08-18 16:00,31.9,,62,
119,수원,2025-08-18 17:00,30.1,,66,
119,수원,2025-08-18 18:00,29.6,,69,
119,수원,2025-08-18 19:00,28.6,,75,
119,수원,2025-08-18 20:00,28.1,0,77,
119,수원,2025-08-18 21:00,27.6,0,81,
119,수원,2025-08-18 22:00,27.3,,85,
119,수원,2025-08-18 23:00,27,,87,
119,수원,2025-08-19 00:00,27.1,,87,
119,수원,2025-08-19 01:00,27.1,,87,
119,수원,2025-08-19 02:00,26.9,,86,
119,수원,2025-08-19 03:00,26.6,,88,
119,수원,2025-08-19 04:00,26.4,0,89,
119,수원,2025-08-19 05:00,26.2,0,90,
119,수원,2025-08-19 06:00,26.2,,91,
119,수원,2025-08-19 07:00,26.6,,89,
119,수원,2025-08-19 08:00,26.9,,86,
119,수원,2025-08-19 09:00,27.8,,82,
119,수원,2025-08-19 10:00,29.4,,75,
119,수원,2025-08-19 11:00,30.7,,69,
119,수원,2025-08-19 12:00,31.2,,65,
119,수원,2025-08-19 13:00,30.4,0,68,
119,수원,2025-08-19 14:00,31,3.9,71,
119,수원,2025-08-19 15:00,29.9,,68,
119,수원,2025-08-19 16:00,32,,61,
119,수원,2025-08-19 17:00,30.4,,66,
119,수원,2025-08-19 18:00,30.6,,70,
119,수원,2025-08-19 19:00,28.9,,75,
119,수원,2025-08-19 20:00,27.6,,81,
119,수원,2025-08-19 21:00,26.9,,84,
119,수원,2025-08-19 22:00,26.9,,85,
119,수원,2025-08-19 23:00,26.3,,87,
119,수원,2025-08-20 00:00,26.4,,87,
119,수원,2025-08-20 01:00,25.9,,90,
119,수원,2025-08-20 02:00,26,,91,
119,수원,2025-08-20 03:00,25.9,0,91,
119,수원,2025-08-20 04:00,25.8,,91,
119,수원,2025-08-20 05:00,25.6,,91,
119,수원,2025-08-20 06:00,25.3,,92,
119,수원,2025-08-20 07:00,25.7,,89,
119,수원,2025-08-20 08:00,27,,84,
119,수원,2025-08-20 09:00,27.7,,80,
119,수원,2025-08-20 10:00,29.3,,74,
119,수원,2025-08-20 11:00,30.1,,68,
119,수원,2025-08-20 12:00,30.3,,64,
119,수원,2025-08-20 13:00,31.4,,63,
119,수원,2025-08-20 14:00,31.6,,64,
119,수원,2025-08-20 15:00,31.9,,60,
119,수원,2025-08-20 16:00,32.1,,59,
119,수원,2025-08-20 17:00,31,,64,
119,수원,2025-08-20 18:00,30.1,,68,
119,수원,2025-08-20 19:00,29,,74,
119,수원,2025-08-20 20:00,27.9,,80,
119,수원,2025-08-20 21:00,27.7,,81,
119,수원,2025-08-20 22:00,27.1,,85,
119,수원,2025-08-20 23:00,27,,86,
119,수원,2025-08-21 00:00,26.8,,87,
119,수원,2025-08-21 01:00,26.8,,87,
119,수원,2025-08-21 02:00,26.6,,88,
119,수원,2025-08-21 03:00,26,,90,
119,수원,2025-08-21 04:00,25.7,,92,
119,수원,2025-08-21 05:00,26.1,,89,
119,수원,2025-08-21 06:00,25.5,,92,
119,수원,2025-08-21 07:00,26.4,,90,
119,수원,2025-08-21 08:00,28.2,,83,
119,수원,2025-08-21 09:00,28.6,,77,
119,수원,2025-08-21 10:00,30.2,,67,
119,수원,2025-08-21 11:00,31.4,,63,
119,수원,2025-08-21 12:00,31.9,,59,
119,수원,2025-08-21 13:00,32.5,,57,
119,수원,2025-08-21 14:00,32.9,,54,
119,수원,2025-08-21 15:00,33.2,,57,
119,수원,2025-08-21 16:00,32.3,,59,
119,수원,2025-08-21 17:00,31.9,,62,
119,수원,2025-08-21 18:00,31.3,,62,
119,수원,2025-08-21 19:00,29.6,,65,
119,수원,2025-08-21 20:00,28.3,,69,
119,수원,2025-08-21 21:00,27,,81,
119,수원,2025-08-21 22:00,26.6,,83,
119,수원,2025-08-21 23:00,26.2,,85,
119,수원,2025-08-22 00:00,26,,87,
119,수원,2025-08-22 01:00,25.5,,89,
119,수원,2025-08-22 02:00,25.1,,91,
119,수원,2025-08-22 03:00,25,,92,
119,수원,2025-08-22 04:00,24.8,,94,
119,수원,2025-08-22 05:00,24.8,,93,
119,수원,2025-08-22 06:00,24.8,,94,
119,수원,2025-08-22 07:00,26.1,,89,
119,수원,2025-08-22 08:00,28.3,,81,
119,수원,2025-08-22 09:00,29.4,,75,
119,수원,2025-08-22 10:00,30.1,,66,
119,수원,2025-08-22 11:00,31.2,,63,
119,수원,2025-08-22 12:00,31.7,,56,
119,수원,2025-08-22 13:00,32.1,,59,
119,수원,2025-08-22 14:00,32.4,,61,
119,수원,2025-08-22 15:00,32.2,,63,
119,수원,2025-08-22 16:00,31.6,,63,
119,수원,2025-08-22 17:00,31.2,,65,
119,수원,2025-08-22 18:00,30.4,,67,
119,수원,2025-08-22 19:00,28.8,,73,
119,수원,2025-08-22 20:00,27.9,,80,
119,수원,2025-08-22 21:00,27,,83,
119,수원,2025-08-22 22:00,26.4,,86,
119,수원,2025-08-22 23:00,26,,89,
119,수원,2025-08-23 00:00,26,,89,
119,수원,2025-08-23 01:00,25.6,,91,
119,수원,2025-08-23 02:00,25.5,,91,
119,수원,2025-08-23 03:00,25.6,,91,
119,수원,2025-08-23 04:00,25.8,,90,
119,수원,2025-08-23 05:00,25.4,,92,
119,수원,2025-08-23 06:00,25.4,,92,
119,수원,2025-08-23 07:00,26.1,,89,
119,수원,2025-08-23 08:00,27.7,,83,
119,수원,2025-08-23 09:00,28.5,,79,
119,수원,2025-08-23 10:00,29,,75,
119,수원,2025-08-23 11:00,29.5,,73,
119,수원,2025-08-23 12:00,30.5,,70,
119,수원,2025-08-23 13:00,31,,66,
119,수원,2025-08-23 14:00,30.6,,69,
119,수원,2025-08-23 15:00,30.9,,70,
119,수원,2025-08-23 16:00,32.1,,66,
119,수원,2025-08-23 17:00,31.3,,69,
119,수원,2025-08-23 18:00,30.8,,70,
119,수원,2025-08-23 19:00,29.5,,75,
119,수원,2025-08-23 20:00,28.3,,77,
119,수원,2025-08-23 21:00,27.4,,83,
119,수원,2025-08-23 22:00,27.3,,84,
119,수원,2025-08-23 23:00,27.1,,85,
119,수원,2025-08-24 00:00,26.6,,87,
119,수원,2025-08-24 01:00,26.2,,90,
119,수원,2025-08-24 02:00,26.1,,90,
119,수원,2025-08-24 03:00,25.8,,91,
119,수원,2025-08-24 04:00,26,,90,
119,수원,2025-08-24 05:00,25.9,,90,
119,수원,2025-08-24 06:00,25.9,,91,
119,수원,2025-08-24 07:00,26.2,,92,
119,수원,2025-08-24 08:00,27.6,,83,
119,수원,2025-08-24 09:00,28.6,,78,
119,수원,2025-08-24 10:00,29.2,,76,
119,수원,2025-08-24 11:00,31,,66,
119,수원,2025-08-24 12:00,31.4,,62,
119,수원,2025-08-24 13:00,32.8,,58,
119,수원,2025-08-24 14:00,33.1,,52,
119,수원,2025-08-24 15:00,33.7,,51,
119,수원,2025-08-24 16:00,33.9,,50,
119,수원,2025-08-24 17:00,33.3,,56,
119,수원,2025-08-24 18:00,31.6,,65,
119,수원,2025-08-24 19:00,30.2,,69,
119,수원,2025-08-24 20:00,28.6,,76,
119,수원,2025-08-24 21:00,27.7,,82,
119,수원,2025-08-24 22:00,27.2,,84,
119,수원,2025-08-24 23:00,26.9,,85,
119,수원,2025-08-25 00:00,26.6,,86,
119,수원,2025-08-25 01:00,26.4,,87,
119,수원,2025-08-25 02:00,26.2,,89,
119,수원,2025-08-25 03:00,26.2,,90,
119,수원,2025-08-25 04:00,26,,90,
119,수원,2025-08-25 05:00,26.1,,89,
119,수원,2025-08-25 06:00,26,,89,
119,수원,2025-08-25 07:00,26.7,,86,
119,수원,2025-08-25 08:00,27.8,,83,
119,수원,2025-08-25 09:00,29,,75,
119,수원,2025-08-25 10:00,29.8,,72,
119,수원,2025-08-25 11:00,30,,71,
119,수원,2025-08-25 12:00,31.4,,65,
119,수원,2025-08-25 13:00,31.6,,64,
119,수원,2025-08-25 14:00,29.9,0,74,
119,수원,2025-08-25 15:00,30.8,1.2,72,
119,수원,2025-08-25 16:00,31.7,,65,
119,수원,2025-08-25 17:00,31.2,,67,
119,수원,2025-08-25 18:00,30.6,,67,
119,수원,2025-08-25 19:00,29.3,0,75,
119,수원,2025-08-25 20:00,27.8,2.1,86,
119,수원,2025-08-25 21:00,28,,85,
119,수원,2025-08-25 22:00,28.1,0,83,
119,수원,2025-08-25 23:00,27.3,.1,90,
119,수원,2025-08-26 00:00,26.6,30.2,90,
119,수원,2025-08-26 01:00,26.1,.1,93,
119,수원,2025-08-26 02:00,25.2,0,94,
119,수원,2025-08-26 03:00,25.1,1.2,95,
119,수원,2025-08-26 04:00,25.1,1.4,95,
119,수원,2025-08-26 05:00,25.1,1.8,95,
119,수원,2025-08-26 06:00,24.9,2.3,94,
119,수원,2025-08-26 07:00,24.7,.7,95,
119,수원,2025-08-26 08:00,24.9,.5,95,
119,수원,2025-08-26 09:00,25.2,0,94,
119,수원,2025-08-26 10:00,25,11,96,
119,수원,2025-08-26 11:00,25.6,.1,93,
119,수원,2025-08-26 12:00,27.3,,86,
119,수원,2025-08-26 13:00,28.8,,76,
119,수원,2025-08-26 14:00,29.9,,68,
119,수원,2025-08-26 15:00,30.8,,58,
119,수원,2025-08-26 16:00,30.7,,59,
119,수원,2025-08-26 17:00,29.7,,65,
119,수원,2025-08-26 18:00,28.4,,70,
119,수원,2025-08-26 19:00,26.8,,78,
119,수원,2025-08-26 20:00,25.4,,86,
119,수원,2025-08-26 21:00,24.8,,90,
119,수원,2025-08-26 22:00,24.6,,90,
119,수원,2025-08-26 23:00,24.1,,89,
119,수원,2025-08-27 00:00,23.5,,92,
119,수원,2025-08-27 01:00,23.4,,93,
119,수원,2025-08-27 02:00,23.7,,91,
119,수원,2025-08-27 03:00,23.3,,93,
119,수원,2025-08-27 04:00,22.7,,95,
119,수원,2025-08-27 05:00,22.5,,95,
119,수원,2025-08-27 06:00,22.5,,96,
119,수원,2025-08-27 07:00,23,,95,
119,수원,2025-08-27 08:00,24.3,,88,
119,수원,2025-08-27 09:00,26.9,,74,
119,수원,2025-08-27 10:00,27.4,,71,
119,수원,2025-08-27 11:00,28.2,,65,
119,수원,2025-08-27 12:00,29,,61,
119,수원,2025-08-27 13:00,29.9,,57,
119,수원,2025-08-27 14:00,30.2,,49,
119,수원,2025-08-27 15:00,31,,50,
119,수원,2025-08-27 16:00,31.1,,57,
119,수원,2025-08-27 17:00,29.7,,62,
119,수원,2025-08-27 18:00,28.5,,65,
119,수원,2025-08-27 19:00,26.8,,71,
119,수원,2025-08-27 20:00,25.4,,77,
119,수원,2025-08-27 21:00,24.8,,78,
119,수원,2025-08-27 22:00,24.2,,82,
119,수원,2025-08-27 23:00,24,,82,
119,수원,2025-08-28 00:00,23.6,,85,
119,수원,2025-08-28 01:00,23.7,,84,
119,수원,2025-08-28 02:00,24.1,,83,
119,수원,2025-08-28 03:00,23.9,,84,
119,수원,2025-08-28 04:00,24,,83,
119,수원,2025-08-28 05:00,24.3,,82,
119,수원,2025-08-28 06:00,24.4,,82,
119,수원,2025-08-28 07:00,24.9,,82,
119,수원,2025-08-28 08:00,26.6,,73,
119,수원,2025-08-28 09:00,27.1,,73,
119,수원,2025-08-28 10:00,28,,72,
119,수원,2025-08-28 11:00,29.2,,67,
119,수원,2025-08-28 12:00,29.7,,65,
119,수원,2025-08-28 13:00,30.6,,59,
119,수원,2025-08-28 14:00,30.8,,59,
119,수원,2025-08-28 15:00,30.6,,62,
119,수원,2025-08-28 16:00,30.3,,68,
119,수원,2025-08-28 17:00,30.6,,68,
119,수원,2025-08-28 18:00,29.3,,72,
119,수원,2025-08-28 19:00,28.4,,77,
119,수원,2025-08-28 20:00,28.2,,72,
119,수원,2025-08-28 21:00,27.6,,76,
119,수원,2025-08-28 22:00,26.7,,82,
119,수원,2025-08-28 23:00,26.4,,85,
119,수원,2025-08-29 00:00,26.2,,88,
119,수원,2025-08-29 01:00,26.1,,89,
119,수원,2025-08-29 02:00,26,,90,
119,수원,2025-08-29 03:00,26,,89,
119,수원,2025-08-29 04:00,26,,88,
119,수원,2025-08-29 05:00,25.9,,86,
119,수원,2025-08-29 06:00,25.9,,88,
119,수원,2025-08-29 07:00,26.3,,87,
119,수원,2025-08-29 08:00,26.9,,86,
119,수원,2025-08-29 09:00,28.8,,83,
119,수원,2025-08-29 10:00,30.1,,76,
119,수원,2025-08-29 11:00,29.9,,74,
119,수원,2025-08-29 12:00,31.3,,68,
119,수원,2025-08-29 13:00,31.6,,66,
119,수원,2025-08-29 14:00,31.5,,67,
119,수원,2025-08-29 15:00,30.9,,70,
119,수원,2025-08-29 16:00,30.9,,70,
119,수원,2025-08-29 17:00,30.7,,72,
119,수원,2025-08-29 18:00,29.9,,76,
119,수원,2025-08-29 19:00,28.7,,81,
119,수원,2025-08-29 20:00,28.3,,83,
119,수원,2025-08-29 21:00,28.1,,85,
119,수원,2025-08-29 22:00,27.9,,86,
119,수원,2025-08-29 23:00,27.7,,87,
119,수원,2025-08-30 00:00,27.4,0,89,
119,수원,2025-08-30 01:00,27.1,,90,
119,수원,2025-08-30 02:00,26.8,.2,92,
119,수원,2025-08-30 03:00,26.8,.4,92,
119,수원,2025-08-30 04:00,26.6,,93,
119,수원,2025-08-30 05:00,26.7,,93,
